1,24,108,1.49241117448546,0.162762963306159,0.476207193452865,0.611365044862032,0.489302146947011,0.559071351308376,2
1,24,108,1.49241117448546,0.162762963306159,0.476207193452865,0.611365044862032,0.489302146947011,0.559071351308376,2
1,24,108,1.49241117448546,0.162762963306159,0.476207193452865,0.611365044862032,0.489302146947011,0.559071351308376,2
1,24,108,1.49241117448546,0.162762963306159,0.476207193452865,0.611365044862032,0.489302146947011,0.559071351308376,2
2,30,96,1.56092374823056,0.227348028123379,1.33428538846783,0.820329430047423,0.412969941040501,1.87877987418324,2
2,30,96,1.56092374823056,0.227348028123379,1.33428538846783,0.820329430047423,0.412969941040501,1.87877987418324,2
2,30,96,1.56092374823056,0.227348028123379,1.33428538846783,0.820329430047423,0.412969941040501,1.87877987418324,2
2,30,96,1.56092374823056,0.227348028123379,1.33428538846783,0.820329430047423,0.412969941040501,1.87877987418324,2
3,3,70,1.40610166531987,0.0627947927452624,2.12615089933388,0.776988729834557,0.198948947363533,0.775451262481511,1
3,3,70,1.40610166531987,0.0627947927452624,2.12615089933388,0.776988729834557,0.198948947363533,0.775451262481511,1
3,3,70,1.40610166531987,0.0627947927452624,2.12615089933388,0.776988729834557,0.198948947363533,0.775451262481511,1
3,3,70,1.40610166531987,0.0627947927452624,2.12615089933388,0.776988729834557,0.198948947363533,0.775451262481511,1
4,47,180,1.34260224974714,0.393626100569963,1.16599148581736,0.800353434123099,0.0693017116282135,0.465360118076205,2
4,47,180,1.34260224974714,0.393626100569963,1.16599148581736,0.800353434123099,0.0693017116282135,0.465360118076205,2
4,47,180,1.34260224974714,0.393626100569963,1.16599148581736,0.800353434123099,0.0693017116282135,0.465360118076205,2
4,47,180,1.34260224974714,0.393626100569963,1.16599148581736,0.800353434123099,0.0693017116282135,0.465360118076205,2
5,44,132,1.72481982568279,0.126500524301082,0.926375605165958,0.821426043473184,0.419031260535121,0.316689962521195,1
5,44,132,1.72481982568279,0.126500524301082,0.926375605165958,0.821426043473184,0.419031260535121,0.316689962521195,1
5,44,132,1.72481982568279,0.126500524301082,0.926375605165958,0.821426043473184,0.419031260535121,0.316689962521195,1
5,44,132,1.72481982568279,0.126500524301082,0.926375605165958,0.821426043473184,0.419031260535121,0.316689962521195,1
6,5,164,1.29727423433214,0.278303381241858,1.80394639936276,0.936549477186054,0.43353966542054,1.36664974549785,1
6,5,164,1.29727423433214,0.278303381241858,1.80394639936276,0.936549477186054,0.43353966542054,1.36664974549785,1
6,5,164,1.29727423433214,0.278303381241858,1.80394639936276,0.936549477186054,0.43353966542054,1.36664974549785,1
6,5,164,1.29727423433214,0.278303381241858,1.80394639936276,0.936549477186054,0.43353966542054,1.36664974549785,1
7,55,190,1.35433995025232,0.0291106223128736,2.27112798043527,0.978805132489651,0.235035736463033,1.23024392966181,2
7,55,190,1.35433995025232,0.0291106223128736,2.27112798043527,0.978805132489651,0.235035736463033,1.23024392966181,2
7,55,190,1.35433995025232,0.0291106223128736,2.27112798043527,0.978805132489651,0.235035736463033,1.23024392966181,2
7,55,190,1.35433995025232,0.0291106223128736,2.27112798043527,0.978805132489651,0.235035736463033,1.23024392966181,2
8,4,136,1.23290242971852,0.280312831327319,0.51080011180602,0.926862585451454,0.278017519973218,0.858078100252897,2
8,4,136,1.23290242971852,0.280312831327319,0.51080011180602,0.926862585451454,0.278017519973218,0.858078100252897,2
8,4,136,1.23290242971852,0.280312831327319,0.51080011180602,0.926862585451454,0.278017519973218,0.858078100252897,2
8,4,136,1.23290242971852,0.280312831327319,0.51080011180602,0.926862585451454,0.278017519973218,0.858078100252897,2
9,49,160,1.52016370967031,0.109695216175169,2.86585373547859,0.990301586035639,0.26739516411908,1.82147504761815,2
9,49,160,1.52016370967031,0.109695216175169,2.86585373547859,0.990301586035639,0.26739516411908,1.82147504761815,2
9,49,160,1.52016370967031,0.109695216175169,2.86585373547859,0.990301586035639,0.26739516411908,1.82147504761815,2
9,49,160,1.52016370967031,0.109695216175169,2.86585373547859,0.990301586035639,0.26739516411908,1.82147504761815,2
10,7,102,1.60745106535032,0.350833280384541,2.60839215223677,0.90116747552529,0.210741810733452,1.01238256040961,2
10,7,102,1.60745106535032,0.350833280384541,2.60839215223677,0.90116747552529,0.210741810733452,1.01238256040961,2
10,7,102,1.60745106535032,0.350833280384541,2.60839215223677,0.90116747552529,0.210741810733452,1.01238256040961,2
10,7,102,1.60745106535032,0.350833280384541,2.60839215223677,0.90116747552529,0.210741810733452,1.01238256040961,2
11,9,78,1.61581291258335,0.238077778276056,1.6114230598323,0.639942655432969,0.147403599112295,1.50625180965289,2
11,9,78,1.61581291258335,0.238077778276056,1.6114230598323,0.639942655432969,0.147403599112295,1.50625180965289,2
11,9,78,1.61581291258335,0.238077778276056,1.6114230598323,0.639942655432969,0.147403599112295,1.50625180965289,2
11,9,78,1.61581291258335,0.238077778276056,1.6114230598323,0.639942655432969,0.147403599112295,1.50625180965289,2
12,50,142,1.70651854639873,0.0111558572389185,2.51623741630465,0.815498835593462,0.324279642663896,1.91107241157442,2
12,50,142,1.70651854639873,0.0111558572389185,2.51623741630465,0.815498835593462,0.324279642663896,1.91107241157442,2
12,50,142,1.70651854639873,0.0111558572389185,2.51623741630465,0.815498835593462,0.324279642663896,1.91107241157442,2
12,50,142,1.70651854639873,0.0111558572389185,2.51623741630465,0.815498835593462,0.324279642663896,1.91107241157442,2
13,35,192,1.4986094892025,0.255008915904909,0.624490421963856,0.720011196378618,0.0715032232692465,1.34386658016592,1
13,35,192,1.4986094892025,0.255008915904909,0.624490421963856,0.720011196378618,0.0715032232692465,1.34386658016592,1
13,35,192,1.4986094892025,0.255008915904909,0.624490421963856,0.720011196378618,0.0715032232692465,1.34386658016592,1
13,35,192,1.4986094892025,0.255008915904909,0.624490421963856,0.720011196378618,0.0715032232692465,1.34386658016592,1
14,13,54,1.25776175390929,0.203366492222995,1.53814937523566,0.617278196010739,0.304998903535306,0.693854529410601,2
14,13,54,1.25776175390929,0.203366492222995,1.53814937523566,0.617278196010739,0.304998903535306,0.693854529410601,2
14,13,54,1.25776175390929,0.203366492222995,1.53814937523566,0.617278196010739,0.304998903535306,0.693854529410601,2
14,13,54,1.25776175390929,0.203366492222995,1.53814937523566,0.617278196010739,0.304998903535306,0.693854529410601,2
15,14,126,1.36012111734599,0.200828728452325,0.715963170630857,0.62928692381829,0.440704987267964,1.30643559945747,2
15,14,126,1.36012111734599,0.200828728452325,0.715963170630857,0.62928692381829,0.440704987267964,1.30643559945747,2
15,14,126,1.36012111734599,0.200828728452325,0.715963170630857,0.62928692381829,0.440704987267964,1.30643559945747,2
15,14,126,1.36012111734599,0.200828728452325,0.715963170630857,0.62928692381829,0.440704987267964,1.30643559945747,2
16,10,214,1.72575023286045,0.196223253849894,0.0801704304758459,0.673587880190462,0.01532533520367,0.52383826719597,1
16,10,214,1.72575023286045,0.196223253849894,0.0801704304758459,0.673587880190462,0.01532533520367,0.52383826719597,1
16,10,214,1.72575023286045,0.196223253849894,0.0801704304758459,0.673587880190462,0.01532533520367,0.52383826719597,1
16,10,214,1.72575023286045,0.196223253849894,0.0801704304758459,0.673587880190462,0.01532533520367,0.52383826719597,1
17,30,114,1.67958785388619,0.392521056253463,1.58792459894903,0.919925010204315,0.192043913644738,0.0570619530044496,1
17,30,114,1.67958785388619,0.392521056253463,1.58792459894903,0.919925010204315,0.192043913644738,0.0570619530044496,1
17,30,114,1.67958785388619,0.392521056253463,1.58792459894903,0.919925010204315,0.192043913644738,0.0570619530044496,1
17,30,114,1.67958785388619,0.392521056253463,1.58792459894903,0.919925010204315,0.192043913644738,0.0570619530044496,1
18,23,166,1.75429598204792,0.335625042207539,2.67215684708208,0.785151976905763,0.164028013939969,1.73614093940705,1
18,23,166,1.75429598204792,0.335625042207539,2.67215684708208,0.785151976905763,0.164028013939969,1.73614093940705,1
18,23,166,1.75429598204792,0.335625042207539,2.67215684708208,0.785151976905763,0.164028013939969,1.73614093940705,1
18,23,166,1.75429598204792,0.335625042207539,2.67215684708208,0.785151976905763,0.164028013939969,1.73614093940705,1
19,34,122,1.68845128454268,0.0831061012111604,0.0630474099889398,0.727998084854335,0.391159815597348,0.416601611301303,1
19,34,122,1.68845128454268,0.0831061012111604,0.0630474099889398,0.727998084854335,0.391159815597348,0.416601611301303,1
19,34,122,1.68845128454268,0.0831061012111604,0.0630474099889398,0.727998084854335,0.391159815597348,0.416601611301303,1
19,34,122,1.68845128454268,0.0831061012111604,0.0630474099889398,0.727998084854335,0.391159815597348,0.416601611301303,1
20,3,14,1.29493032479659,0.259857924282551,0.597737756324932,0.661048637796193,0.320249982294627,0.651570261456072,2
20,3,14,1.29493032479659,0.259857924282551,0.597737756324932,0.661048637796193,0.320249982294627,0.651570261456072,2
20,3,14,1.29493032479659,0.259857924282551,0.597737756324932,0.661048637796193,0.320249982294627,0.651570261456072,2
20,3,14,1.29493032479659,0.259857924282551,0.597737756324932,0.661048637796193,0.320249982294627,0.651570261456072,2
21,3,124,1.67551292781718,0.0114203643985093,2.95095000998117,0.882194017339498,0.25604015798308,0.186383393593132,1
21,3,124,1.67551292781718,0.0114203643985093,2.95095000998117,0.882194017339498,0.25604015798308,0.186383393593132,1
21,3,124,1.67551292781718,0.0114203643985093,2.95095000998117,0.882194017339498,0.25604015798308,0.186383393593132,1
21,3,124,1.67551292781718,0.0114203643985093,2.95095000998117,0.882194017339498,0.25604015798308,0.186383393593132,1
22,2,164,1.23471991452388,0.374316494725645,1.59431649092585,0.64046595999971,0.371021336410195,0.235066717956215,1
22,2,164,1.23471991452388,0.374316494725645,1.59431649092585,0.64046595999971,0.371021336410195,0.235066717956215,1
22,2,164,1.23471991452388,0.374316494725645,1.59431649092585,0.64046595999971,0.371021336410195,0.235066717956215,1
22,2,164,1.23471991452388,0.374316494725645,1.59431649092585,0.64046595999971,0.371021336410195,0.235066717956215,1
23,12,186,1.29741226220503,0.226490024570376,0.180896766018122,0.955447667837143,0.337565162335522,1.87340788962319,1
23,12,186,1.29741226220503,0.226490024570376,0.180896766018122,0.955447667837143,0.337565162335522,1.87340788962319,1
23,12,186,1.29741226220503,0.226490024570376,0.180896766018122,0.955447667837143,0.337565162335522,1.87340788962319,1
23,12,186,1.29741226220503,0.226490024570376,0.180896766018122,0.955447667837143,0.337565162335522,1.87340788962319,1
24,48,226,1.72374482257292,0.354023857042193,1.74775616568513,0.938485996238887,0.0995371638564393,1.56573117524385,1
24,48,226,1.72374482257292,0.354023857042193,1.74775616568513,0.938485996238887,0.0995371638564393,1.56573117524385,1
24,48,226,1.72374482257292,0.354023857042193,1.74775616568513,0.938485996238887,0.0995371638564393,1.56573117524385,1
24,48,226,1.72374482257292,0.354023857042193,1.74775616568513,0.938485996238887,0.0995371638564393,1.56573117524385,1
25,3,158,1.7559820946306,0.111109136883169,0.276442009024322,0.808003175910562,0.0187176276231185,0.0296855294145644,1
25,3,158,1.7559820946306,0.111109136883169,0.276442009024322,0.808003175910562,0.0187176276231185,0.0296855294145644,1
25,3,158,1.7559820946306,0.111109136883169,0.276442009024322,0.808003175910562,0.0187176276231185,0.0296855294145644,1
25,3,158,1.7559820946306,0.111109136883169,0.276442009024322,0.808003175910562,0.0187176276231185,0.0296855294145644,1
26,7,138,1.35783730270341,0.00452481713145971,0.998773853061721,0.948290433362126,0.275589501135983,0.880003375466913,1
26,7,138,1.35783730270341,0.00452481713145971,0.998773853061721,0.948290433362126,0.275589501135983,0.880003375466913,1
26,7,138,1.35783730270341,0.00452481713145971,0.998773853061721,0.948290433362126,0.275589501135983,0.880003375466913,1
26,7,138,1.35783730270341,0.00452481713145971,0.998773853061721,0.948290433362126,0.275589501135983,0.880003375466913,1
27,54,128,1.58770696171559,0.337932315468788,1.30251683969982,0.604151406884193,0.339644815423526,1.77441777149215,1
27,54,128,1.58770696171559,0.337932315468788,1.30251683969982,0.604151406884193,0.339644815423526,1.77441777149215,1
27,54,128,1.58770696171559,0.337932315468788,1.30251683969982,0.604151406884193,0.339644815423526,1.77441777149215,1
27,54,128,1.58770696171559,0.337932315468788,1.30251683969982,0.604151406884193,0.339644815423526,1.77441777149215,1
28,52,220,1.44363683802076,0.290192015003413,0.79599035019055,0.602935657091439,0.445240549743176,0.693394906353205,1
28,52,220,1.44363683802076,0.290192015003413,0.79599035019055,0.602935657091439,0.445240549743176,0.693394906353205,1
28,52,220,1.44363683802076,0.290192015003413,0.79599035019055,0.602935657091439,0.445240549743176,0.693394906353205,1
28,52,220,1.44363683802076,0.290192015003413,0.79599035019055,0.602935657091439,0.445240549743176,0.693394906353205,1
29,59,196,1.58964909100905,0.259020148590207,0.275075431214646,0.919602345116436,0.0234926138073206,1.06953179463744,2
29,59,196,1.58964909100905,0.259020148590207,0.275075431214646,0.919602345116436,0.0234926138073206,1.06953179463744,2
29,59,196,1.58964909100905,0.259020148590207,0.275075431214646,0.919602345116436,0.0234926138073206,1.06953179463744,2
29,59,196,1.58964909100905,0.259020148590207,0.275075431214646,0.919602345116436,0.0234926138073206,1.06953179463744,2
30,10,228,1.30490916632116,0.377104704175144,2.11684011784382,0.62283920077607,0.422688417485915,1.10657333023846,2
30,10,228,1.30490916632116,0.377104704175144,2.11684011784382,0.62283920077607,0.422688417485915,1.10657333023846,2
30,10,228,1.30490916632116,0.377104704175144,2.11684011784382,0.62283920077607,0.422688417485915,1.10657333023846,2
30,10,228,1.30490916632116,0.377104704175144,2.11684011784382,0.62283920077607,0.422688417485915,1.10657333023846,2
31,46,94,1.51476166918874,0.316127013321966,1.5206366290804,0.96880523506552,0.382662519812584,1.70947475079447,2
31,46,94,1.51476166918874,0.316127013321966,1.5206366290804,0.96880523506552,0.382662519812584,1.70947475079447,2
31,46,94,1.51476166918874,0.316127013321966,1.5206366290804,0.96880523506552,0.382662519812584,1.70947475079447,2
31,46,94,1.51476166918874,0.316127013321966,1.5206366290804,0.96880523506552,0.382662519812584,1.70947475079447,2
32,46,140,1.68124016784132,0.189934730995446,2.09245872823521,0.720639376621693,0.43520286725834,0.0663033914752305,2
32,46,140,1.68124016784132,0.189934730995446,2.09245872823521,0.720639376621693,0.43520286725834,0.0663033914752305,2
32,46,140,1.68124016784132,0.189934730995446,2.09245872823521,0.720639376621693,0.43520286725834,0.0663033914752305,2
32,46,140,1.68124016784132,0.189934730995446,2.09245872823521,0.720639376621693,0.43520286725834,0.0663033914752305,2
33,14,124,1.22215976910666,0.354512573964894,2.31631967634894,0.644378165528178,0.0358900550054386,1.99453066661954,1
33,14,124,1.22215976910666,0.354512573964894,2.31631967634894,0.644378165528178,0.0358900550054386,1.99453066661954,1
33,14,124,1.22215976910666,0.354512573964894,2.31631967634894,0.644378165528178,0.0358900550054386,1.99453066661954,1
33,14,124,1.22215976910666,0.354512573964894,2.31631967634894,0.644378165528178,0.0358900550054386,1.99453066661954,1
34,45,222,1.34751742514782,0.350228694733232,2.36721859686077,0.929773329943419,0.44728049589321,0.233841381035745,2
34,45,222,1.34751742514782,0.350228694733232,2.36721859686077,0.929773329943419,0.44728049589321,0.233841381035745,2
34,45,222,1.34751742514782,0.350228694733232,2.36721859686077,0.929773329943419,0.44728049589321,0.233841381035745,2
34,45,222,1.34751742514782,0.350228694733232,2.36721859686077,0.929773329943419,0.44728049589321,0.233841381035745,2
35,34,192,1.23455071351491,0.0278719295747578,1.14225440961309,0.69254837911576,0.243472708505578,0.952155319042504,1
35,34,192,1.23455071351491,0.0278719295747578,1.14225440961309,0.69254837911576,0.243472708505578,0.952155319042504,1
35,34,192,1.23455071351491,0.0278719295747578,1.14225440961309,0.69254837911576,0.243472708505578,0.952155319042504,1
35,34,192,1.23455071351491,0.0278719295747578,1.14225440961309,0.69254837911576,0.243472708505578,0.952155319042504,1
36,14,196,1.54256716514938,0.347393858246505,1.38839934091084,0.689879233762622,0.312738672248088,0.606553455814719,1
36,14,196,1.54256716514938,0.347393858246505,1.38839934091084,0.689879233762622,0.312738672248088,0.606553455814719,1
36,14,196,1.54256716514938,0.347393858246505,1.38839934091084,0.689879233762622,0.312738672248088,0.606553455814719,1
36,14,196,1.54256716514938,0.347393858246505,1.38839934091084,0.689879233762622,0.312738672248088,0.606553455814719,1
37,41,162,1.60385059453547,0.250018824357539,1.85197155852802,0.621834361553192,0.146812393562868,0.649214420001954,1
37,41,162,1.60385059453547,0.250018824357539,1.85197155852802,0.621834361553192,0.146812393562868,0.649214420001954,1
37,41,162,1.60385059453547,0.250018824357539,1.85197155852802,0.621834361553192,0.146812393562868,0.649214420001954,1
37,41,162,1.60385059453547,0.250018824357539,1.85197155852802,0.621834361553192,0.146812393562868,0.649214420001954,1
38,27,152,1.42103308313526,0.286293705832213,0.336690205615014,0.661389236990362,0.318012510426342,1.24878024123609,2
38,27,152,1.42103308313526,0.286293705832213,0.336690205615014,0.661389236990362,0.318012510426342,1.24878024123609,2
38,27,152,1.42103308313526,0.286293705832213,0.336690205615014,0.661389236990362,0.318012510426342,1.24878024123609,2
38,27,152,1.42103308313526,0.286293705832213,0.336690205615014,0.661389236990362,0.318012510426342,1.24878024123609,2
39,16,184,1.21959610073827,0.00439006295055151,1.87893420341425,0.933329087961465,0.300436133053154,1.99419850483537,1
39,16,184,1.21959610073827,0.00439006295055151,1.87893420341425,0.933329087961465,0.300436133053154,1.99419850483537,1
39,16,184,1.21959610073827,0.00439006295055151,1.87893420341425,0.933329087961465,0.300436133053154,1.99419850483537,1
39,16,184,1.21959610073827,0.00439006295055151,1.87893420341425,0.933329087961465,0.300436133053154,1.99419850483537,1
40,35,176,1.66591609111056,0.149477857816964,2.96405657823198,0.673768321424723,0.246828122995794,1.99825268238783,1
40,35,176,1.66591609111056,0.149477857816964,2.96405657823198,0.673768321424723,0.246828122995794,1.99825268238783,1
40,35,176,1.66591609111056,0.149477857816964,2.96405657823198,0.673768321424723,0.246828122995794,1.99825268238783,1
40,35,176,1.66591609111056,0.149477857816964,2.96405657823198,0.673768321424723,0.246828122995794,1.99825268238783,1
41,8,206,1.41762793832459,0.121232683770359,0.866359698353335,0.982655351981521,0.0479925033869222,1.99800252821296,1
41,8,206,1.41762793832459,0.121232683770359,0.866359698353335,0.982655351981521,0.0479925033869222,1.99800252821296,1
41,8,206,1.41762793832459,0.121232683770359,0.866359698353335,0.982655351981521,0.0479925033869222,1.99800252821296,1
41,8,206,1.41762793832459,0.121232683770359,0.866359698353335,0.982655351981521,0.0479925033869222,1.99800252821296,1
42,51,106,1.79131305576302,0.0770608682185411,1.17462185933255,0.812602870538831,0.188652822864242,1.25334773259237,1
42,51,106,1.79131305576302,0.0770608682185411,1.17462185933255,0.812602870538831,0.188652822864242,1.25334773259237,1
42,51,106,1.79131305576302,0.0770608682185411,1.17462185933255,0.812602870538831,0.188652822864242,1.25334773259237,1
42,51,106,1.79131305576302,0.0770608682185411,1.17462185933255,0.812602870538831,0.188652822864242,1.25334773259237,1
43,25,140,1.47446429939009,0.226958646252751,0.772033178480342,0.631711820047349,0.192141889943741,1.59223957359791,2
43,25,140,1.47446429939009,0.226958646252751,0.772033178480342,0.631711820047349,0.192141889943741,1.59223957359791,2
43,25,140,1.47446429939009,0.226958646252751,0.772033178480342,0.631711820047349,0.192141889943741,1.59223957359791,2
43,25,140,1.47446429939009,0.226958646252751,0.772033178480342,0.631711820047349,0.192141889943741,1.59223957359791,2
44,42,154,1.69689823198132,0.323830622900277,1.27538448292762,0.714386718254536,0.0792895914055407,0.0750289051793516,2
44,42,154,1.69689823198132,0.323830622900277,1.27538448292762,0.714386718254536,0.0792895914055407,0.0750289051793516,2
44,42,154,1.69689823198132,0.323830622900277,1.27538448292762,0.714386718254536,0.0792895914055407,0.0750289051793516,2
44,42,154,1.69689823198132,0.323830622900277,1.27538448292762,0.714386718254536,0.0792895914055407,0.0750289051793516,2
45,30,92,1.54718137546442,0.329171037860215,1.20434357319027,0.800595531146973,0.488903140765615,1.12756563955918,1
45,30,92,1.54718137546442,0.329171037860215,1.20434357319027,0.800595531146973,0.488903140765615,1.12756563955918,1
45,30,92,1.54718137546442,0.329171037860215,1.20434357319027,0.800595531146973,0.488903140765615,1.12756563955918,1
45,30,92,1.54718137546442,0.329171037860215,1.20434357319027,0.800595531146973,0.488903140765615,1.12756563955918,1
46,48,96,1.39734022831544,0.216009205300361,2.8937831427902,0.918518186546862,0.13802266807761,0.379056631121784,1
46,48,96,1.39734022831544,0.216009205300361,2.8937831427902,0.918518186546862,0.13802266807761,0.379056631121784,1
46,48,96,1.39734022831544,0.216009205300361,2.8937831427902,0.918518186546862,0.13802266807761,0.379056631121784,1
46,48,96,1.39734022831544,0.216009205300361,2.8937831427902,0.918518186546862,0.13802266807761,0.379056631121784,1
47,54,150,1.41352411243133,0.0881757994182408,0.445826697628945,0.698161051142961,0.176730970502831,0.440667320974171,2
47,54,150,1.41352411243133,0.0881757994182408,0.445826697628945,0.698161051142961,0.176730970502831,0.440667320974171,2
47,54,150,1.41352411243133,0.0881757994182408,0.445826697628945,0.698161051142961,0.176730970502831,0.440667320974171,2
47,54,150,1.41352411243133,0.0881757994182408,0.445826697628945,0.698161051142961,0.176730970502831,0.440667320974171,2
48,39,146,1.53798805405386,0.156773151922971,2.6705614014063,0.897133970167488,0.403016158379614,1.80069050006568,2
48,39,146,1.53798805405386,0.156773151922971,2.6705614014063,0.897133970167488,0.403016158379614,1.80069050006568,2
48,39,146,1.53798805405386,0.156773151922971,2.6705614014063,0.897133970167488,0.403016158379614,1.80069050006568,2
48,39,146,1.53798805405386,0.156773151922971,2.6705614014063,0.897133970167488,0.403016158379614,1.80069050006568,2
49,46,146,1.54772103214636,0.0848233691416681,0.921186757972464,0.644105919636786,0.298219777876511,0.999054476618767,1
49,46,146,1.54772103214636,0.0848233691416681,0.921186757972464,0.644105919636786,0.298219777876511,0.999054476618767,1
49,46,146,1.54772103214636,0.0848233691416681,0.921186757972464,0.644105919636786,0.298219777876511,0.999054476618767,1
49,46,146,1.54772103214636,0.0848233691416681,0.921186757972464,0.644105919636786,0.298219777876511,0.999054476618767,1
50,36,102,1.30530003192835,0.339895360916853,1.22247914155014,0.981004789657891,0.368872341467068,1.67225707927719,1
50,36,102,1.30530003192835,0.339895360916853,1.22247914155014,0.981004789657891,0.368872341467068,1.67225707927719,1
50,36,102,1.30530003192835,0.339895360916853,1.22247914155014,0.981004789657891,0.368872341467068,1.67225707927719,1
50,36,102,1.30530003192835,0.339895360916853,1.22247914155014,0.981004789657891,0.368872341467068,1.67225707927719,1
51,14,86,1.44818839137442,0.19166702972725,0.34370525018312,0.895356467552483,0.168959454167634,1.78892471920699,1
51,14,86,1.44818839137442,0.19166702972725,0.34370525018312,0.895356467552483,0.168959454167634,1.78892471920699,1
51,14,86,1.44818839137442,0.19166702972725,0.34370525018312,0.895356467552483,0.168959454167634,1.78892471920699,1
51,14,86,1.44818839137442,0.19166702972725,0.34370525018312,0.895356467552483,0.168959454167634,1.78892471920699,1
52,5,122,1.7987409368623,0.395494243502617,2.51828188891523,0.681365275662392,0.305916277691722,1.46381784789264,2
52,5,122,1.7987409368623,0.395494243502617,2.51828188891523,0.681365275662392,0.305916277691722,1.46381784789264,2
52,5,122,1.7987409368623,0.395494243502617,2.51828188891523,0.681365275662392,0.305916277691722,1.46381784789264,2
52,5,122,1.7987409368623,0.395494243502617,2.51828188891523,0.681365275662392,0.305916277691722,1.46381784789264,2
53,37,134,1.61602850896306,0.0746732249855995,1.49486612761393,0.973185539152473,0.222883595735766,1.23194617638364,1
53,37,134,1.61602850896306,0.0746732249855995,1.49486612761393,0.973185539152473,0.222883595735766,1.23194617638364,1
53,37,134,1.61602850896306,0.0746732249855995,1.49486612761393,0.973185539152473,0.222883595735766,1.23194617638364,1
53,37,134,1.61602850896306,0.0746732249855995,1.49486612761393,0.973185539152473,0.222883595735766,1.23194617638364,1
54,25,188,1.62790076807141,0.0458291739225388,1.86735621630214,0.787414965126663,0.193872096249834,1.78098708065227,2
54,25,188,1.62790076807141,0.0458291739225388,1.86735621630214,0.787414965126663,0.193872096249834,1.78098708065227,2
54,25,188,1.62790076807141,0.0458291739225388,1.86735621630214,0.787414965126663,0.193872096249834,1.78098708065227,2
54,25,188,1.62790076807141,0.0458291739225388,1.86735621630214,0.787414965126663,0.193872096249834,1.78098708065227,2
55,7,170,1.46237190719694,0.112932881247252,1.17669454682618,0.757395359873772,0.46164111723192,1.75277631124482,2
55,7,170,1.46237190719694,0.112932881247252,1.17669454682618,0.757395359873772,0.46164111723192,1.75277631124482,2
55,7,170,1.46237190719694,0.112932881247252,1.17669454682618,0.757395359873772,0.46164111723192,1.75277631124482,2
55,7,170,1.46237190719694,0.112932881247252,1.17669454682618,0.757395359873772,0.46164111723192,1.75277631124482,2
56,40,132,1.51390573130921,0.248421425838023,1.42654784512706,0.964154811855406,0.211485283565708,1.53094070963562,1
56,40,132,1.51390573130921,0.248421425838023,1.42654784512706,0.964154811855406,0.211485283565708,1.53094070963562,1
56,40,132,1.51390573130921,0.248421425838023,1.42654784512706,0.964154811855406,0.211485283565708,1.53094070963562,1
56,40,132,1.51390573130921,0.248421425838023,1.42654784512706,0.964154811855406,0.211485283565708,1.53094070963562,1
57,42,84,1.63819362195209,0.106607889197767,0.0929728928022087,0.944910212792456,0.389755893615074,0.706886364147067,2
57,42,84,1.63819362195209,0.106607889197767,0.0929728928022087,0.944910212792456,0.389755893615074,0.706886364147067,2
57,42,84,1.63819362195209,0.106607889197767,0.0929728928022087,0.944910212792456,0.389755893615074,0.706886364147067,2
57,42,84,1.63819362195209,0.106607889197767,0.0929728928022087,0.944910212792456,0.389755893615074,0.706886364147067,2
58,3,180,1.4575419777073,0.0278653185814619,1.38418788369745,0.659438351448625,0.138273151242174,0.656590641476214,2
58,3,180,1.4575419777073,0.0278653185814619,1.38418788369745,0.659438351448625,0.138273151242174,0.656590641476214,2
58,3,180,1.4575419777073,0.0278653185814619,1.38418788369745,0.659438351448625,0.138273151242174,0.656590641476214,2
58,3,180,1.4575419777073,0.0278653185814619,1.38418788369745,0.659438351448625,0.138273151242174,0.656590641476214,2
59,50,228,1.40658121439628,0.388293851632625,1.17779537569731,0.858404427673668,0.239759538439102,1.61587903974578,1
59,50,228,1.40658121439628,0.388293851632625,1.17779537569731,0.858404427673668,0.239759538439102,1.61587903974578,1
59,50,228,1.40658121439628,0.388293851632625,1.17779537569731,0.858404427673668,0.239759538439102,1.61587903974578,1
59,50,228,1.40658121439628,0.388293851632625,1.17779537569731,0.858404427673668,0.239759538439102,1.61587903974578,1
60,47,216,1.23686432414688,0.216668163146824,2.97788679250516,0.996076468937099,0.235482442192733,1.70817600050941,1
60,47,216,1.23686432414688,0.216668163146824,2.97788679250516,0.996076468937099,0.235482442192733,1.70817600050941,1
60,47,216,1.23686432414688,0.216668163146824,2.97788679250516,0.996076468937099,0.235482442192733,1.70817600050941,1
60,47,216,1.23686432414688,0.216668163146824,2.97788679250516,0.996076468937099,0.235482442192733,1.70817600050941,1
61,22,222,1.57525338088162,0.216208435967565,1.27241525170393,0.760093588754535,0.33136379707139,0.569888564758003,1
61,22,222,1.57525338088162,0.216208435967565,1.27241525170393,0.760093588754535,0.33136379707139,0.569888564758003,1
61,22,222,1.57525338088162,0.216208435967565,1.27241525170393,0.760093588754535,0.33136379707139,0.569888564758003,1
61,22,222,1.57525338088162,0.216208435967565,1.27241525170393,0.760093588754535,0.33136379707139,0.569888564758003,1
62,27,172,1.3165799906943,0.109777912124991,2.11623476282693,0.975668967794627,0.322822799906135,1.28338901232928,1
62,27,172,1.3165799906943,0.109777912124991,2.11623476282693,0.975668967794627,0.322822799906135,1.28338901232928,1
62,27,172,1.3165799906943,0.109777912124991,2.11623476282693,0.975668967794627,0.322822799906135,1.28338901232928,1
62,27,172,1.3165799906943,0.109777912124991,2.11623476282693,0.975668967794627,0.322822799906135,1.28338901232928,1
63,57,220,1.68581723975949,0.338910305220634,0.889419304439798,0.614830634091049,0.424821636872366,1.37621662346646,1
63,57,220,1.68581723975949,0.338910305220634,0.889419304439798,0.614830634091049,0.424821636872366,1.37621662346646,1
63,57,220,1.68581723975949,0.338910305220634,0.889419304439798,0.614830634091049,0.424821636872366,1.37621662346646,1
63,57,220,1.68581723975949,0.338910305220634,0.889419304439798,0.614830634091049,0.424821636872366,1.37621662346646,1
64,32,108,1.27580622970127,0.0413600975647569,2.86114547308534,0.663169025350362,0.176278881612234,0.17063457146287,2
64,32,108,1.27580622970127,0.0413600975647569,2.86114547308534,0.663169025350362,0.176278881612234,0.17063457146287,2
64,32,108,1.27580622970127,0.0413600975647569,2.86114547308534,0.663169025350362,0.176278881612234,0.17063457146287,2
64,32,108,1.27580622970127,0.0413600975647569,2.86114547308534,0.663169025350362,0.176278881612234,0.17063457146287,2
65,2,230,1.28583550835028,0.126019379124045,1.15990681573749,0.868059581890702,0.392264889087528,1.86839953204617,2
65,2,230,1.28583550835028,0.126019379124045,1.15990681573749,0.868059581890702,0.392264889087528,1.86839953204617,2
65,2,230,1.28583550835028,0.126019379124045,1.15990681573749,0.868059581890702,0.392264889087528,1.86839953204617,2
65,2,230,1.28583550835028,0.126019379124045,1.15990681573749,0.868059581890702,0.392264889087528,1.86839953204617,2
66,18,186,1.22181700696237,0.177578978985548,0.196306983707473,0.63447714522481,0.258751390036196,0.350870660040528,1
66,18,186,1.22181700696237,0.177578978985548,0.196306983707473,0.63447714522481,0.258751390036196,0.350870660040528,1
66,18,186,1.22181700696237,0.177578978985548,0.196306983707473,0.63447714522481,0.258751390036196,0.350870660040528,1
66,18,186,1.22181700696237,0.177578978985548,0.196306983707473,0.63447714522481,0.258751390036196,0.350870660040528,1
67,42,184,1.39675568542443,0.287928742915392,0.845432646805421,0.913723591715097,0.297444071969949,1.65776265785098,1
67,42,184,1.39675568542443,0.287928742915392,0.845432646805421,0.913723591715097,0.297444071969949,1.65776265785098,1
67,42,184,1.39675568542443,0.287928742915392,0.845432646805421,0.913723591715097,0.297444071969949,1.65776265785098,1
67,42,184,1.39675568542443,0.287928742915392,0.845432646805421,0.913723591715097,0.297444071969949,1.65776265785098,1
68,49,154,1.24572819806635,0.0802507453598082,1.12675519636832,0.793053824547678,0.415690067689866,0.826584328897297,1
68,49,154,1.24572819806635,0.0802507453598082,1.12675519636832,0.793053824547678,0.415690067689866,0.826584328897297,1
68,49,154,1.24572819806635,0.0802507453598082,1.12675519636832,0.793053824547678,0.415690067689866,0.826584328897297,1
68,49,154,1.24572819806635,0.0802507453598082,1.12675519636832,0.793053824547678,0.415690067689866,0.826584328897297,1
69,18,56,1.40232945084572,0.266628850437701,0.399940445786342,0.80990135204047,0.191210401942953,0.846549891401082,2
69,18,56,1.40232945084572,0.266628850437701,0.399940445786342,0.80990135204047,0.191210401942953,0.846549891401082,2
69,18,56,1.40232945084572,0.266628850437701,0.399940445786342,0.80990135204047,0.191210401942953,0.846549891401082,2
69,18,56,1.40232945084572,0.266628850437701,0.399940445786342,0.80990135204047,0.191210401942953,0.846549891401082,2
70,21,78,1.519741449086,0.144968050345778,2.28246716433205,0.968265366740525,0.475338691030629,0.152859820518643,1
70,21,78,1.519741449086,0.144968050345778,2.28246716433205,0.968265366740525,0.475338691030629,0.152859820518643,1
70,21,78,1.519741449086,0.144968050345778,2.28246716433205,0.968265366740525,0.475338691030629,0.152859820518643,1
70,21,78,1.519741449086,0.144968050345778,2.28246716433205,0.968265366740525,0.475338691030629,0.152859820518643,1
71,52,152,1.53775166175328,0.116855184733868,1.58205398521386,0.699382827989757,0.353992301621474,0.773127941880375,2
71,52,152,1.53775166175328,0.116855184733868,1.58205398521386,0.699382827989757,0.353992301621474,0.773127941880375,2
71,52,152,1.53775166175328,0.116855184733868,1.58205398521386,0.699382827989757,0.353992301621474,0.773127941880375,2
71,52,152,1.53775166175328,0.116855184733868,1.58205398521386,0.699382827989757,0.353992301621474,0.773127941880375,2
72,20,204,1.48688965458423,0.199258034490049,1.6023679508362,0.773659852799028,0.453349999617785,1.48667102865875,2
72,20,204,1.48688965458423,0.199258034490049,1.6023679508362,0.773659852799028,0.453349999617785,1.48667102865875,2
72,20,204,1.48688965458423,0.199258034490049,1.6023679508362,0.773659852799028,0.453349999617785,1.48667102865875,2
72,20,204,1.48688965458423,0.199258034490049,1.6023679508362,0.773659852799028,0.453349999617785,1.48667102865875,2
73,14,82,1.36639307979494,0.308330563083291,1.25610395777039,0.717583707440644,0.452120331116021,1.4877340355888,1
73,14,82,1.36639307979494,0.308330563083291,1.25610395777039,0.717583707440644,0.452120331116021,1.4877340355888,1
73,14,82,1.36639307979494,0.308330563083291,1.25610395777039,0.717583707440644,0.452120331116021,1.4877340355888,1
73,14,82,1.36639307979494,0.308330563083291,1.25610395777039,0.717583707440644,0.452120331116021,1.4877340355888,1
74,30,150,1.72579871616326,0.218166862148792,2.83460655575618,0.915863801259547,0.182034637895413,0.525199063587934,1
74,30,150,1.72579871616326,0.218166862148792,2.83460655575618,0.915863801259547,0.182034637895413,0.525199063587934,1
74,30,150,1.72579871616326,0.218166862148792,2.83460655575618,0.915863801259547,0.182034637895413,0.525199063587934,1
74,30,150,1.72579871616326,0.218166862148792,2.83460655575618,0.915863801259547,0.182034637895413,0.525199063587934,1
75,30,150,1.75889814156108,0.25018637701869,0.246933792717755,0.862878003530204,0.384745130315423,0.794940158259124,2
75,30,150,1.75889814156108,0.25018637701869,0.246933792717755,0.862878003530204,0.384745130315423,0.794940158259124,2
75,30,150,1.75889814156108,0.25018637701869,0.246933792717755,0.862878003530204,0.384745130315423,0.794940158259124,2
75,30,150,1.75889814156108,0.25018637701869,0.246933792717755,0.862878003530204,0.384745130315423,0.794940158259124,2
76,29,190,1.73241104618646,0.310136530455202,0.451853522099555,0.709544362314045,0.35404846793972,0.938492213375866,2
76,29,190,1.73241104618646,0.310136530455202,0.451853522099555,0.709544362314045,0.35404846793972,0.938492213375866,2
76,29,190,1.73241104618646,0.310136530455202,0.451853522099555,0.709544362314045,0.35404846793972,0.938492213375866,2
76,29,190,1.73241104618646,0.310136530455202,0.451853522099555,0.709544362314045,0.35404846793972,0.938492213375866,2
77,47,156,1.22040928015485,0.16218749275431,2.01538750785403,0.994701754581183,0.0480528124608099,1.9217613954097,1
77,47,156,1.22040928015485,0.16218749275431,2.01538750785403,0.994701754581183,0.0480528124608099,1.9217613954097,1
77,47,156,1.22040928015485,0.16218749275431,2.01538750785403,0.994701754581183,0.0480528124608099,1.9217613954097,1
77,47,156,1.22040928015485,0.16218749275431,2.01538750785403,0.994701754581183,0.0480528124608099,1.9217613954097,1
78,32,72,1.25143085606396,0.149094242881984,1.15033826697618,0.911207839939743,0.238479803316295,0.708491276483983,1
78,32,72,1.25143085606396,0.149094242881984,1.15033826697618,0.911207839939743,0.238479803316295,0.708491276483983,1
78,32,72,1.25143085606396,0.149094242881984,1.15033826697618,0.911207839939743,0.238479803316295,0.708491276483983,1
78,32,72,1.25143085606396,0.149094242881984,1.15033826697618,0.911207839939743,0.238479803316295,0.708491276483983,1
79,9,160,1.73601233102381,0.0973323119804263,1.31447529816069,0.807249696366489,0.0360180577263236,1.38815238000825,1
79,9,160,1.73601233102381,0.0973323119804263,1.31447529816069,0.807249696366489,0.0360180577263236,1.38815238000825,1
79,9,160,1.73601233102381,0.0973323119804263,1.31447529816069,0.807249696366489,0.0360180577263236,1.38815238000825,1
79,9,160,1.73601233102381,0.0973323119804263,1.31447529816069,0.807249696366489,0.0360180577263236,1.38815238000825,1
80,29,166,1.60859214719385,0.190094623994082,0.852028937079012,0.962847903929651,0.114997017313726,0.320853356737643,2
80,29,166,1.60859214719385,0.190094623994082,0.852028937079012,0.962847903929651,0.114997017313726,0.320853356737643,2
80,29,166,1.60859214719385,0.190094623994082,0.852028937079012,0.962847903929651,0.114997017313726,0.320853356737643,2
80,29,166,1.60859214719385,0.190094623994082,0.852028937079012,0.962847903929651,0.114997017313726,0.320853356737643,2
81,44,190,1.56500610429794,0.00796142397448421,0.909299777587876,0.955287847667933,0.193789620767348,1.92074270453304,2
81,44,190,1.56500610429794,0.00796142397448421,0.909299777587876,0.955287847667933,0.193789620767348,1.92074270453304,2
81,44,190,1.56500610429794,0.00796142397448421,0.909299777587876,0.955287847667933,0.193789620767348,1.92074270453304,2
81,44,190,1.56500610429794,0.00796142397448421,0.909299777587876,0.955287847667933,0.193789620767348,1.92074270453304,2
82,16,118,1.7039688183926,0.0304496607743204,2.61688402178697,0.738432275410742,0.074628702364862,0.985092509537935,2
82,16,118,1.7039688183926,0.0304496607743204,2.61688402178697,0.738432275410742,0.074628702364862,0.985092509537935,2
82,16,118,1.7039688183926,0.0304496607743204,2.61688402178697,0.738432275410742,0.074628702364862,0.985092509537935,2
82,16,118,1.7039688183926,0.0304496607743204,2.61688402178697,0.738432275410742,0.074628702364862,0.985092509537935,2
83,12,124,1.21544854645617,0.235372351482511,2.33392419037409,0.77785339159891,0.395762308617122,1.22138998610899,2
83,12,124,1.21544854645617,0.235372351482511,2.33392419037409,0.77785339159891,0.395762308617122,1.22138998610899,2
83,12,124,1.21544854645617,0.235372351482511,2.33392419037409,0.77785339159891,0.395762308617122,1.22138998610899,2
83,12,124,1.21544854645617,0.235372351482511,2.33392419037409,0.77785339159891,0.395762308617122,1.22138998610899,2
84,36,164,1.4704439336434,0.0554740550927818,2.80400329688564,0.697100326605141,0.293799372855574,0.0192476371303201,1
84,36,164,1.4704439336434,0.0554740550927818,2.80400329688564,0.697100326605141,0.293799372855574,0.0192476371303201,1
84,36,164,1.4704439336434,0.0554740550927818,2.80400329688564,0.697100326605141,0.293799372855574,0.0192476371303201,1
84,36,164,1.4704439336434,0.0554740550927818,2.80400329688564,0.697100326605141,0.293799372855574,0.0192476371303201,1
85,43,210,1.37942355140112,0.0267324263229966,1.84881328605115,0.664318608026952,0.137719865888357,1.68356220284477,2
85,43,210,1.37942355140112,0.0267324263229966,1.84881328605115,0.664318608026952,0.137719865888357,1.68356220284477,2
85,43,210,1.37942355140112,0.0267324263229966,1.84881328605115,0.664318608026952,0.137719865888357,1.68356220284477,2
85,43,210,1.37942355140112,0.0267324263229966,1.84881328605115,0.664318608026952,0.137719865888357,1.68356220284477,2
86,2,62,1.76389074870385,0.134077238850296,2.29581041587517,0.82042437940836,0.289352664723992,1.62017864314839,2
86,2,62,1.76389074870385,0.134077238850296,2.29581041587517,0.82042437940836,0.289352664723992,1.62017864314839,2
86,2,62,1.76389074870385,0.134077238850296,2.29581041587517,0.82042437940836,0.289352664723992,1.62017864314839,2
86,2,62,1.76389074870385,0.134077238850296,2.29581041587517,0.82042437940836,0.289352664723992,1.62017864314839,2
87,60,208,1.40379787059501,0.0404733720235527,1.26808089483529,0.680592257436365,0.21615254029166,1.19658847525716,2
87,60,208,1.40379787059501,0.0404733720235527,1.26808089483529,0.680592257436365,0.21615254029166,1.19658847525716,2
87,60,208,1.40379787059501,0.0404733720235527,1.26808089483529,0.680592257436365,0.21615254029166,1.19658847525716,2
87,60,208,1.40379787059501,0.0404733720235527,1.26808089483529,0.680592257436365,0.21615254029166,1.19658847525716,2
88,32,156,1.6561247988604,0.179764831531793,0.504174656001851,0.858943912480026,0.257857597898692,0.0197811578400433,1
88,32,156,1.6561247988604,0.179764831531793,0.504174656001851,0.858943912480026,0.257857597898692,0.0197811578400433,1
88,32,156,1.6561247988604,0.179764831531793,0.504174656001851,0.858943912480026,0.257857597898692,0.0197811578400433,1
88,32,156,1.6561247988604,0.179764831531793,0.504174656001851,0.858943912480026,0.257857597898692,0.0197811578400433,1
89,1,232,1.27292631687596,0.325832341145724,1.88057538354769,0.993994834367186,0.389685318339616,0.012309446465224,2
89,1,232,1.27292631687596,0.325832341145724,1.88057538354769,0.993994834367186,0.389685318339616,0.012309446465224,2
89,1,232,1.27292631687596,0.325832341145724,1.88057538354769,0.993994834367186,0.389685318339616,0.012309446465224,2
89,1,232,1.27292631687596,0.325832341145724,1.88057538354769,0.993994834367186,0.389685318339616,0.012309446465224,2
90,31,218,1.66940167034045,0.349967558402568,1.64199012843892,0.659444825910032,0.0364974316908047,1.30917745921761,2
90,31,218,1.66940167034045,0.349967558402568,1.64199012843892,0.659444825910032,0.0364974316908047,1.30917745921761,2
90,31,218,1.66940167034045,0.349967558402568,1.64199012843892,0.659444825910032,0.0364974316908047,1.30917745921761,2
90,31,218,1.66940167034045,0.349967558402568,1.64199012843892,0.659444825910032,0.0364974316908047,1.30917745921761,2
91,46,162,1.20821780771948,0.131554715428501,1.11171308392659,0.938229576591402,0.340885658864863,1.40966879623011,1
91,46,162,1.20821780771948,0.131554715428501,1.11171308392659,0.938229576591402,0.340885658864863,1.40966879623011,1
91,46,162,1.20821780771948,0.131554715428501,1.11171308392659,0.938229576591402,0.340885658864863,1.40966879623011,1
91,46,162,1.20821780771948,0.131554715428501,1.11171308392659,0.938229576591402,0.340885658864863,1.40966879623011,1
92,47,196,1.57483680616133,0.361856030859053,2.12914437730797,0.831818641908467,0.126001692726277,0.321441746782511,1
92,47,196,1.57483680616133,0.361856030859053,2.12914437730797,0.831818641908467,0.126001692726277,0.321441746782511,1
92,47,196,1.57483680616133,0.361856030859053,2.12914437730797,0.831818641908467,0.126001692726277,0.321441746782511,1
92,47,196,1.57483680616133,0.361856030859053,2.12914437730797,0.831818641908467,0.126001692726277,0.321441746782511,1
93,60,146,1.24505032198504,0.356923528853804,2.07544835843146,0.962597422488034,0.00081970973405987,0.69254153361544,2
93,60,146,1.24505032198504,0.356923528853804,2.07544835843146,0.962597422488034,0.00081970973405987,0.69254153361544,2
93,60,146,1.24505032198504,0.356923528853804,2.07544835843146,0.962597422488034,0.00081970973405987,0.69254153361544,2
93,60,146,1.24505032198504,0.356923528853804,2.07544835843146,0.962597422488034,0.00081970973405987,0.69254153361544,2
94,22,162,1.37185858846642,0.216976250056177,0.714827640680596,0.643174421135336,0.388638954493217,0.703878110740334,1
94,22,162,1.37185858846642,0.216976250056177,0.714827640680596,0.643174421135336,0.388638954493217,0.703878110740334,1
94,22,162,1.37185858846642,0.216976250056177,0.714827640680596,0.643174421135336,0.388638954493217,0.703878110740334,1
94,22,162,1.37185858846642,0.216976250056177,0.714827640680596,0.643174421135336,0.388638954493217,0.703878110740334,1
95,36,130,1.7084909113124,0.304737982153893,2.63655313756317,0.757336694840342,0.159159809583798,0.547519191168249,2
95,36,130,1.7084909113124,0.304737982153893,2.63655313756317,0.757336694840342,0.159159809583798,0.547519191168249,2
95,36,130,1.7084909113124,0.304737982153893,2.63655313756317,0.757336694840342,0.159159809583798,0.547519191168249,2
95,36,130,1.7084909113124,0.304737982153893,2.63655313756317,0.757336694840342,0.159159809583798,0.547519191168249,2
96,10,76,1.66658541387878,0.200473120249808,1.69823926035315,0.722991339955479,0.418825826491229,0.497377682011575,1
96,10,76,1.66658541387878,0.200473120249808,1.69823926035315,0.722991339955479,0.418825826491229,0.497377682011575,1
96,10,76,1.66658541387878,0.200473120249808,1.69823926035315,0.722991339955479,0.418825826491229,0.497377682011575,1
96,10,76,1.66658541387878,0.200473120249808,1.69823926035315,0.722991339955479,0.418825826491229,0.497377682011575,1
97,58,174,1.71528666238301,0.105017230194062,2.12240150570869,0.75669639389962,0.37396400840953,1.87903869291767,1
97,58,174,1.71528666238301,0.105017230194062,2.12240150570869,0.75669639389962,0.37396400840953,1.87903869291767,1
97,58,174,1.71528666238301,0.105017230194062,2.12240150570869,0.75669639389962,0.37396400840953,1.87903869291767,1
97,58,174,1.71528666238301,0.105017230194062,2.12240150570869,0.75669639389962,0.37396400840953,1.87903869291767,1
98,41,196,1.52616017656401,0.374923705775291,2.98770730826072,0.689956328924745,0.140617842320353,1.13505465118214,1
98,41,196,1.52616017656401,0.374923705775291,2.98770730826072,0.689956328924745,0.140617842320353,1.13505465118214,1
98,41,196,1.52616017656401,0.374923705775291,2.98770730826072,0.689956328924745,0.140617842320353,1.13505465118214,1
98,41,196,1.52616017656401,0.374923705775291,2.98770730826072,0.689956328924745,0.140617842320353,1.13505465118214,1
99,8,140,1.24442427735776,0.357208123803139,0.508627139031887,0.954948874283582,0.0754469535313547,1.77892911620438,1
99,8,140,1.24442427735776,0.357208123803139,0.508627139031887,0.954948874283582,0.0754469535313547,1.77892911620438,1
99,8,140,1.24442427735776,0.357208123803139,0.508627139031887,0.954948874283582,0.0754469535313547,1.77892911620438,1
99,8,140,1.24442427735776,0.357208123803139,0.508627139031887,0.954948874283582,0.0754469535313547,1.77892911620438,1
100,15,206,1.43855468477122,0.273892705328763,1.35000675707124,0.7361617279239,0.269284654757939,0.814882243052125,2
100,15,206,1.43855468477122,0.273892705328763,1.35000675707124,0.7361617279239,0.269284654757939,0.814882243052125,2
100,15,206,1.43855468477122,0.273892705328763,1.35000675707124,0.7361617279239,0.269284654757939,0.814882243052125,2
100,15,206,1.43855468477122,0.273892705328763,1.35000675707124,0.7361617279239,0.269284654757939,0.814882243052125,2
101,59,214,1.37263979930431,0.177151588350534,1.85826033982448,0.623037853650749,0.323483071289957,0.610055814962834,1
101,59,214,1.37263979930431,0.177151588350534,1.85826033982448,0.623037853650749,0.323483071289957,0.610055814962834,1
101,59,214,1.37263979930431,0.177151588350534,1.85826033982448,0.623037853650749,0.323483071289957,0.610055814962834,1
101,59,214,1.37263979930431,0.177151588350534,1.85826033982448,0.623037853650749,0.323483071289957,0.610055814962834,1
102,30,72,1.36958880205639,0.00834212312474847,1.45500443084165,0.78278955295682,0.325347169418819,1.17064924398437,2
102,30,72,1.36958880205639,0.00834212312474847,1.45500443084165,0.78278955295682,0.325347169418819,1.17064924398437,2
102,30,72,1.36958880205639,0.00834212312474847,1.45500443084165,0.78278955295682,0.325347169418819,1.17064924398437,2
102,30,72,1.36958880205639,0.00834212312474847,1.45500443084165,0.78278955295682,0.325347169418819,1.17064924398437,2
103,53,114,1.29235469126143,0.209828214813024,1.7088493485935,0.71939370604232,0.0233364084269851,0.114313773810863,1
103,53,114,1.29235469126143,0.209828214813024,1.7088493485935,0.71939370604232,0.0233364084269851,0.114313773810863,1
103,53,114,1.29235469126143,0.209828214813024,1.7088493485935,0.71939370604232,0.0233364084269851,0.114313773810863,1
103,53,114,1.29235469126143,0.209828214813024,1.7088493485935,0.71939370604232,0.0233364084269851,0.114313773810863,1
104,39,190,1.27885604090989,0.172506908420473,0.748604585649446,0.739884966984391,0.283758634701371,1.60984288388863,1
104,39,190,1.27885604090989,0.172506908420473,0.748604585649446,0.739884966984391,0.283758634701371,1.60984288388863,1
104,39,190,1.27885604090989,0.172506908420473,0.748604585649446,0.739884966984391,0.283758634701371,1.60984288388863,1
104,39,190,1.27885604090989,0.172506908420473,0.748604585649446,0.739884966984391,0.283758634701371,1.60984288388863,1
105,38,196,1.55698683355004,0.217735306546092,0.891360162058845,0.607717256993055,0.395564495818689,1.66552853304893,1
105,38,196,1.55698683355004,0.217735306546092,0.891360162058845,0.607717256993055,0.395564495818689,1.66552853304893,1
105,38,196,1.55698683355004,0.217735306546092,0.891360162058845,0.607717256993055,0.395564495818689,1.66552853304893,1
105,38,196,1.55698683355004,0.217735306546092,0.891360162058845,0.607717256993055,0.395564495818689,1.66552853304893,1
106,22,206,1.57417810899206,0.0933138387277722,2.67887795437127,0.656654559168965,0.0387982307001948,0.805436543188989,2
106,22,206,1.57417810899206,0.0933138387277722,2.67887795437127,0.656654559168965,0.0387982307001948,0.805436543188989,2
106,22,206,1.57417810899206,0.0933138387277722,2.67887795437127,0.656654559168965,0.0387982307001948,0.805436543188989,2
106,22,206,1.57417810899206,0.0933138387277722,2.67887795437127,0.656654559168965,0.0387982307001948,0.805436543188989,2
107,14,126,1.68543383083306,0.221662867348641,1.76705091702752,0.704716234561056,0.455573802464642,1.99598791263998,1
107,14,126,1.68543383083306,0.221662867348641,1.76705091702752,0.704716234561056,0.455573802464642,1.99598791263998,1
107,14,126,1.68543383083306,0.221662867348641,1.76705091702752,0.704716234561056,0.455573802464642,1.99598791263998,1
107,14,126,1.68543383083306,0.221662867348641,1.76705091702752,0.704716234561056,0.455573802464642,1.99598791263998,1
108,25,88,1.2793468167074,0.247121286857873,2.58610827871598,0.694739485252649,0.380274641793221,0.995201830752194,2
108,25,88,1.2793468167074,0.247121286857873,2.58610827871598,0.694739485252649,0.380274641793221,0.995201830752194,2
108,25,88,1.2793468167074,0.247121286857873,2.58610827871598,0.694739485252649,0.380274641793221,0.995201830752194,2
108,25,88,1.2793468167074,0.247121286857873,2.58610827871598,0.694739485252649,0.380274641793221,0.995201830752194,2
109,40,106,1.49683072473854,0.110614977870137,2.24634536658414,0.849069340061396,0.0710641279583797,1.42555141402408,1
109,40,106,1.49683072473854,0.110614977870137,2.24634536658414,0.849069340061396,0.0710641279583797,1.42555141402408,1
109,40,106,1.49683072473854,0.110614977870137,2.24634536658414,0.849069340061396,0.0710641279583797,1.42555141402408,1
109,40,106,1.49683072473854,0.110614977870137,2.24634536658414,0.849069340061396,0.0710641279583797,1.42555141402408,1
110,35,224,1.26297532883473,0.254377002734691,0.537020340794697,0.607748980168253,0.34095227974467,1.93966879183426,2
110,35,224,1.26297532883473,0.254377002734691,0.537020340794697,0.607748980168253,0.34095227974467,1.93966879183426,2
110,35,224,1.26297532883473,0.254377002734691,0.537020340794697,0.607748980168253,0.34095227974467,1.93966879183426,2
110,35,224,1.26297532883473,0.254377002734691,0.537020340794697,0.607748980168253,0.34095227974467,1.93966879183426,2
111,6,180,1.34967746799812,0.0394547548145056,0.817649301839992,0.919981677271426,0.424053762922995,0.523718769662082,1
111,6,180,1.34967746799812,0.0394547548145056,0.817649301839992,0.919981677271426,0.424053762922995,0.523718769662082,1
111,6,180,1.34967746799812,0.0394547548145056,0.817649301839992,0.919981677271426,0.424053762922995,0.523718769662082,1
111,6,180,1.34967746799812,0.0394547548145056,0.817649301839992,0.919981677271426,0.424053762922995,0.523718769662082,1
112,58,134,1.70895257145166,0.0634755975566804,0.465204313863069,0.738200557138771,0.375263481051661,0.912927788682282,2
112,58,134,1.70895257145166,0.0634755975566804,0.465204313863069,0.738200557138771,0.375263481051661,0.912927788682282,2
112,58,134,1.70895257145166,0.0634755975566804,0.465204313863069,0.738200557138771,0.375263481051661,0.912927788682282,2
112,58,134,1.70895257145166,0.0634755975566804,0.465204313863069,0.738200557138771,0.375263481051661,0.912927788682282,2
113,57,118,1.68920204434544,0.0623554358258843,0.698095507454127,0.673591018840671,0.195235957624391,0.086817919742316,1
113,57,118,1.68920204434544,0.0623554358258843,0.698095507454127,0.673591018840671,0.195235957624391,0.086817919742316,1
113,57,118,1.68920204434544,0.0623554358258843,0.698095507454127,0.673591018840671,0.195235957624391,0.086817919742316,1
113,57,118,1.68920204434544,0.0623554358258843,0.698095507454127,0.673591018840671,0.195235957624391,0.086817919742316,1
114,55,228,1.29708325183019,0.260916417371482,0.991467460524291,0.905399693641812,0.467221490223892,1.47257446590811,1
114,55,228,1.29708325183019,0.260916417371482,0.991467460524291,0.905399693641812,0.467221490223892,1.47257446590811,1
114,55,228,1.29708325183019,0.260916417371482,0.991467460524291,0.905399693641812,0.467221490223892,1.47257446590811,1
114,55,228,1.29708325183019,0.260916417371482,0.991467460524291,0.905399693641812,0.467221490223892,1.47257446590811,1
115,58,174,1.44113501496613,0.106734255887568,0.600019419332966,0.693630497902632,0.0382375161862001,1.6127844103612,2
115,58,174,1.44113501496613,0.106734255887568,0.600019419332966,0.693630497902632,0.0382375161862001,1.6127844103612,2
115,58,174,1.44113501496613,0.106734255887568,0.600019419332966,0.693630497902632,0.0382375161862001,1.6127844103612,2
115,58,174,1.44113501496613,0.106734255887568,0.600019419332966,0.693630497902632,0.0382375161862001,1.6127844103612,2
116,34,200,1.28733758451417,0.301305254921317,1.31584962224588,0.724017814733088,0.483457248425111,1.91840962460265,1
116,34,200,1.28733758451417,0.301305254921317,1.31584962224588,0.724017814733088,0.483457248425111,1.91840962460265,1
116,34,200,1.28733758451417,0.301305254921317,1.31584962224588,0.724017814733088,0.483457248425111,1.91840962460265,1
116,34,200,1.28733758451417,0.301305254921317,1.31584962224588,0.724017814733088,0.483457248425111,1.91840962460265,1
117,6,166,1.50139503912069,0.0287852853536606,2.2964170477353,0.965421753190458,0.0647182901157066,1.23878815444186,2
117,6,166,1.50139503912069,0.0287852853536606,2.2964170477353,0.965421753190458,0.0647182901157066,1.23878815444186,2
117,6,166,1.50139503912069,0.0287852853536606,2.2964170477353,0.965421753190458,0.0647182901157066,1.23878815444186,2
117,6,166,1.50139503912069,0.0287852853536606,2.2964170477353,0.965421753190458,0.0647182901157066,1.23878815444186,2
118,53,182,1.76271690577269,0.0889114904217422,0.109430955955759,0.923602959234267,0.337649632827379,1.323210043367,2
118,53,182,1.76271690577269,0.0889114904217422,0.109430955955759,0.923602959234267,0.337649632827379,1.323210043367,2
118,53,182,1.76271690577269,0.0889114904217422,0.109430955955759,0.923602959234267,0.337649632827379,1.323210043367,2
118,53,182,1.76271690577269,0.0889114904217422,0.109430955955759,0.923602959234267,0.337649632827379,1.323210043367,2
119,14,142,1.75814353278838,0.360768289398402,1.0116178819444,0.976115384977311,0.261581858852878,1.07062276639044,1
119,14,142,1.75814353278838,0.360768289398402,1.0116178819444,0.976115384977311,0.261581858852878,1.07062276639044,1
119,14,142,1.75814353278838,0.360768289398402,1.0116178819444,0.976115384977311,0.261581858852878,1.07062276639044,1
119,14,142,1.75814353278838,0.360768289398402,1.0116178819444,0.976115384977311,0.261581858852878,1.07062276639044,1
120,41,92,1.20816881591454,0.319977749790996,1.06240704772063,0.917352334782481,0.185152505408041,0.664662734605372,1
120,41,92,1.20816881591454,0.319977749790996,1.06240704772063,0.917352334782481,0.185152505408041,0.664662734605372,1
120,41,92,1.20816881591454,0.319977749790996,1.06240704772063,0.917352334782481,0.185152505408041,0.664662734605372,1
120,41,92,1.20816881591454,0.319977749790996,1.06240704772063,0.917352334782481,0.185152505408041,0.664662734605372,1
121,13,226,1.32906195125543,0.281712379027158,2.38355273916386,0.824771491810679,0.295545331900939,0.110527311451733,2
121,13,226,1.32906195125543,0.281712379027158,2.38355273916386,0.824771491810679,0.295545331900939,0.110527311451733,2
121,13,226,1.32906195125543,0.281712379027158,2.38355273916386,0.824771491810679,0.295545331900939,0.110527311451733,2
121,13,226,1.32906195125543,0.281712379027158,2.38355273916386,0.824771491810679,0.295545331900939,0.110527311451733,2
122,31,82,1.59021599432454,0.250004859548062,1.1961169524584,0.953643131442368,0.387345032417215,0.311426542233676,1
122,31,82,1.59021599432454,0.250004859548062,1.1961169524584,0.953643131442368,0.387345032417215,0.311426542233676,1
122,31,82,1.59021599432454,0.250004859548062,1.1961169524584,0.953643131442368,0.387345032417215,0.311426542233676,1
122,31,82,1.59021599432454,0.250004859548062,1.1961169524584,0.953643131442368,0.387345032417215,0.311426542233676,1
123,36,172,1.38790864865296,0.218356056697667,2.83849211968482,0.785303823463619,0.429554263711907,1.50771443732083,1
123,36,172,1.38790864865296,0.218356056697667,2.83849211968482,0.785303823463619,0.429554263711907,1.50771443732083,1
123,36,172,1.38790864865296,0.218356056697667,2.83849211968482,0.785303823463619,0.429554263711907,1.50771443732083,1
123,36,172,1.38790864865296,0.218356056697667,2.83849211968482,0.785303823463619,0.429554263711907,1.50771443732083,1
124,21,166,1.4992720884271,0.328414265159518,0.604653219692409,0.807491209171712,0.212016216013581,1.32930953428149,2
124,21,166,1.4992720884271,0.328414265159518,0.604653219692409,0.807491209171712,0.212016216013581,1.32930953428149,2
124,21,166,1.4992720884271,0.328414265159518,0.604653219692409,0.807491209171712,0.212016216013581,1.32930953428149,2
124,21,166,1.4992720884271,0.328414265159518,0.604653219692409,0.807491209171712,0.212016216013581,1.32930953428149,2
125,14,140,1.76356244101189,0.0271999211981893,0.123955557821319,0.641613250505179,0.0726986140944064,1.92086460441351,2
125,14,140,1.76356244101189,0.0271999211981893,0.123955557821319,0.641613250505179,0.0726986140944064,1.92086460441351,2
125,14,140,1.76356244101189,0.0271999211981893,0.123955557821319,0.641613250505179,0.0726986140944064,1.92086460441351,2
125,14,140,1.76356244101189,0.0271999211981893,0.123955557821319,0.641613250505179,0.0726986140944064,1.92086460441351,2
126,1,78,1.39538159254007,0.320581221021712,1.9675305490382,0.91272000670433,0.411904084729031,1.96652331575751,1
126,1,78,1.39538159254007,0.320581221021712,1.9675305490382,0.91272000670433,0.411904084729031,1.96652331575751,1
126,1,78,1.39538159254007,0.320581221021712,1.9675305490382,0.91272000670433,0.411904084729031,1.96652331575751,1
126,1,78,1.39538159254007,0.320581221021712,1.9675305490382,0.91272000670433,0.411904084729031,1.96652331575751,1
127,1,34,1.742840735754,0.181252963002771,0.961564803030342,0.970081309694797,0.189792873687111,1.3794427071698,1
127,1,34,1.742840735754,0.181252963002771,0.961564803030342,0.970081309694797,0.189792873687111,1.3794427071698,1
127,1,34,1.742840735754,0.181252963002771,0.961564803030342,0.970081309694797,0.189792873687111,1.3794427071698,1
127,1,34,1.742840735754,0.181252963002771,0.961564803030342,0.970081309694797,0.189792873687111,1.3794427071698,1
128,3,48,1.43079514894634,0.260508237686008,1.43115495331585,0.672065144125372,0.138547384995036,1.17581550171599,2
128,3,48,1.43079514894634,0.260508237686008,1.43115495331585,0.672065144125372,0.138547384995036,1.17581550171599,2
128,3,48,1.43079514894634,0.260508237686008,1.43115495331585,0.672065144125372,0.138547384995036,1.17581550171599,2
128,3,48,1.43079514894634,0.260508237686008,1.43115495331585,0.672065144125372,0.138547384995036,1.17581550171599,2
129,6,36,1.58421387858689,0.138441624771804,0.386194865684956,0.634775967802852,0.269553413963877,0.755983109585941,1
129,6,36,1.58421387858689,0.138441624771804,0.386194865684956,0.634775967802852,0.269553413963877,0.755983109585941,1
129,6,36,1.58421387858689,0.138441624771804,0.386194865684956,0.634775967802852,0.269553413963877,0.755983109585941,1
129,6,36,1.58421387858689,0.138441624771804,0.386194865684956,0.634775967802852,0.269553413963877,0.755983109585941,1
130,55,192,1.36690825978294,0.249209328275174,1.81939425948076,0.663407805282623,0.278235096018761,1.41283355932683,1
130,55,192,1.36690825978294,0.249209328275174,1.81939425948076,0.663407805282623,0.278235096018761,1.41283355932683,1
130,55,192,1.36690825978294,0.249209328275174,1.81939425948076,0.663407805282623,0.278235096018761,1.41283355932683,1
130,55,192,1.36690825978294,0.249209328275174,1.81939425948076,0.663407805282623,0.278235096018761,1.41283355932683,1
131,43,200,1.60931889829226,0.344950806070119,1.25695099378936,0.848931729514152,0.302933497121558,0.145609844475985,2
131,43,200,1.60931889829226,0.344950806070119,1.25695099378936,0.848931729514152,0.302933497121558,0.145609844475985,2
131,43,200,1.60931889829226,0.344950806070119,1.25695099378936,0.848931729514152,0.302933497121558,0.145609844475985,2
131,43,200,1.60931889829226,0.344950806070119,1.25695099378936,0.848931729514152,0.302933497121558,0.145609844475985,2
132,38,240,1.62209119624458,0.398191986512393,1.04385406896472,0.894287126138806,0.420748959179036,0.339591136667877,1
132,38,240,1.62209119624458,0.398191986512393,1.04385406896472,0.894287126138806,0.420748959179036,0.339591136667877,1
132,38,240,1.62209119624458,0.398191986512393,1.04385406896472,0.894287126138806,0.420748959179036,0.339591136667877,1
132,38,240,1.62209119624458,0.398191986512393,1.04385406896472,0.894287126138806,0.420748959179036,0.339591136667877,1
133,56,218,1.48751538530923,0.399768213182688,1.4249651231803,0.767617621272802,0.409187619923614,1.60788873024285,1
133,56,218,1.48751538530923,0.399768213182688,1.4249651231803,0.767617621272802,0.409187619923614,1.60788873024285,1
133,56,218,1.48751538530923,0.399768213182688,1.4249651231803,0.767617621272802,0.409187619923614,1.60788873024285,1
133,56,218,1.48751538530923,0.399768213182688,1.4249651231803,0.767617621272802,0.409187619923614,1.60788873024285,1
134,2,20,1.64279663152993,0.260871471464634,2.35462755267508,0.928621433395892,0.0389367414172739,0.776205828413367,1
134,2,20,1.64279663152993,0.260871471464634,2.35462755267508,0.928621433395892,0.0389367414172739,0.776205828413367,1
134,2,20,1.64279663152993,0.260871471464634,2.35462755267508,0.928621433395892,0.0389367414172739,0.776205828413367,1
134,2,20,1.64279663152993,0.260871471464634,2.35462755267508,0.928621433395892,0.0389367414172739,0.776205828413367,1
135,57,168,1.46985420808196,0.259726082067937,2.03091530129313,0.854150673281401,0.0616585733368993,1.29824944492429,1
135,57,168,1.46985420808196,0.259726082067937,2.03091530129313,0.854150673281401,0.0616585733368993,1.29824944492429,1
135,57,168,1.46985420808196,0.259726082067937,2.03091530129313,0.854150673281401,0.0616585733368993,1.29824944492429,1
135,57,168,1.46985420808196,0.259726082067937,2.03091530129313,0.854150673281401,0.0616585733368993,1.29824944492429,1
136,3,42,1.31836487436667,0.00404949402436614,2.24840157316066,0.690061686374247,0.353042808710597,1.66540761757642,2
136,3,42,1.31836487436667,0.00404949402436614,2.24840157316066,0.690061686374247,0.353042808710597,1.66540761757642,2
136,3,42,1.31836487436667,0.00404949402436614,2.24840157316066,0.690061686374247,0.353042808710597,1.66540761757642,2
136,3,42,1.31836487436667,0.00404949402436614,2.24840157316066,0.690061686374247,0.353042808710597,1.66540761757642,2
137,30,198,1.32288454002701,0.380442346632481,1.24574751360342,0.860954493191093,0.342634368687868,1.4201516979374,1
137,30,198,1.32288454002701,0.380442346632481,1.24574751360342,0.860954493191093,0.342634368687868,1.4201516979374,1
137,30,198,1.32288454002701,0.380442346632481,1.24574751360342,0.860954493191093,0.342634368687868,1.4201516979374,1
137,30,198,1.32288454002701,0.380442346632481,1.24574751360342,0.860954493191093,0.342634368687868,1.4201516979374,1
138,6,106,1.41213460676372,0.364135889522731,1.615147348959,0.786608794424683,0.389139021281153,0.530960650648922,1
138,6,106,1.41213460676372,0.364135889522731,1.615147348959,0.786608794424683,0.389139021281153,0.530960650648922,1
138,6,106,1.41213460676372,0.364135889522731,1.615147348959,0.786608794424683,0.389139021281153,0.530960650648922,1
138,6,106,1.41213460676372,0.364135889522731,1.615147348959,0.786608794424683,0.389139021281153,0.530960650648922,1
139,46,228,1.20376815302297,0.307585297431797,1.38687827624381,0.738581866491586,0.0279225489357486,0.597947373054922,1
139,46,228,1.20376815302297,0.307585297431797,1.38687827624381,0.738581866491586,0.0279225489357486,0.597947373054922,1
139,46,228,1.20376815302297,0.307585297431797,1.38687827624381,0.738581866491586,0.0279225489357486,0.597947373054922,1
139,46,228,1.20376815302297,0.307585297431797,1.38687827624381,0.738581866491586,0.0279225489357486,0.597947373054922,1
140,50,126,1.45300849489868,0.297702249139547,0.0662785156164318,0.727282181195915,0.0424475180916488,1.06669683102518,1
140,50,126,1.45300849489868,0.297702249139547,0.0662785156164318,0.727282181195915,0.0424475180916488,1.06669683102518,1
140,50,126,1.45300849489868,0.297702249139547,0.0662785156164318,0.727282181195915,0.0424475180916488,1.06669683102518,1
140,50,126,1.45300849489868,0.297702249139547,0.0662785156164318,0.727282181195915,0.0424475180916488,1.06669683102518,1
141,48,188,1.79385144682601,0.0159484418109059,2.2936826152727,0.744084202870727,0.436162747442722,0.820747291203588,2
141,48,188,1.79385144682601,0.0159484418109059,2.2936826152727,0.744084202870727,0.436162747442722,0.820747291203588,2
141,48,188,1.79385144682601,0.0159484418109059,2.2936826152727,0.744084202870727,0.436162747442722,0.820747291203588,2
141,48,188,1.79385144682601,0.0159484418109059,2.2936826152727,0.744084202870727,0.436162747442722,0.820747291203588,2
142,48,168,1.62569389985874,0.073999900277704,1.90867301356047,0.658907890040427,0.196790712419897,0.0790982502512634,2
142,48,168,1.62569389985874,0.073999900277704,1.90867301356047,0.658907890040427,0.196790712419897,0.0790982502512634,2
142,48,168,1.62569389985874,0.073999900277704,1.90867301356047,0.658907890040427,0.196790712419897,0.0790982502512634,2
142,48,168,1.62569389985874,0.073999900277704,1.90867301356047,0.658907890040427,0.196790712419897,0.0790982502512634,2
143,20,42,1.20035055032931,0.0562336348928511,0.190281232818961,0.826527760829777,0.294437545468099,0.835513253230602,2
143,20,42,1.20035055032931,0.0562336348928511,0.190281232818961,0.826527760829777,0.294437545468099,0.835513253230602,2
143,20,42,1.20035055032931,0.0562336348928511,0.190281232818961,0.826527760829777,0.294437545468099,0.835513253230602,2
143,20,42,1.20035055032931,0.0562336348928511,0.190281232818961,0.826527760829777,0.294437545468099,0.835513253230602,2
144,35,230,1.72292636004277,0.0239498096518219,0.370072976220399,0.610960332676768,0.296741715166718,1.46939590619877,1
144,35,230,1.72292636004277,0.0239498096518219,0.370072976220399,0.610960332676768,0.296741715166718,1.46939590619877,1
144,35,230,1.72292636004277,0.0239498096518219,0.370072976220399,0.610960332676768,0.296741715166718,1.46939590619877,1
144,35,230,1.72292636004277,0.0239498096518219,0.370072976220399,0.610960332676768,0.296741715166718,1.46939590619877,1
145,49,144,1.22129515903071,0.00238984245806932,2.91414132784121,0.8203444134444,0.0343692741589621,1.59115720540285,1
145,49,144,1.22129515903071,0.00238984245806932,2.91414132784121,0.8203444134444,0.0343692741589621,1.59115720540285,1
145,49,144,1.22129515903071,0.00238984245806932,2.91414132784121,0.8203444134444,0.0343692741589621,1.59115720540285,1
145,49,144,1.22129515903071,0.00238984245806932,2.91414132784121,0.8203444134444,0.0343692741589621,1.59115720540285,1
146,41,124,1.5744136466179,0.00255447365343571,2.63069713907316,0.725343930255622,0.255938046844676,1.33548905840144,1
146,41,124,1.5744136466179,0.00255447365343571,2.63069713907316,0.725343930255622,0.255938046844676,1.33548905840144,1
146,41,124,1.5744136466179,0.00255447365343571,2.63069713907316,0.725343930255622,0.255938046844676,1.33548905840144,1
146,41,124,1.5744136466179,0.00255447365343571,2.63069713907316,0.725343930255622,0.255938046844676,1.33548905840144,1
147,36,128,1.73614255213179,0.0949158104136586,0.146041655447334,0.849577945563942,0.388316027238034,0.696237772703171,1
147,36,128,1.73614255213179,0.0949158104136586,0.146041655447334,0.849577945563942,0.388316027238034,0.696237772703171,1
147,36,128,1.73614255213179,0.0949158104136586,0.146041655447334,0.849577945563942,0.388316027238034,0.696237772703171,1
147,36,128,1.73614255213179,0.0949158104136586,0.146041655447334,0.849577945563942,0.388316027238034,0.696237772703171,1
148,56,128,1.4617687377613,0.343245314713568,0.557800017530099,0.929655815754086,0.351101499283686,0.660423063207418,1
148,56,128,1.4617687377613,0.343245314713568,0.557800017530099,0.929655815754086,0.351101499283686,0.660423063207418,1
148,56,128,1.4617687377613,0.343245314713568,0.557800017530099,0.929655815754086,0.351101499283686,0.660423063207418,1
148,56,128,1.4617687377613,0.343245314713568,0.557800017530099,0.929655815754086,0.351101499283686,0.660423063207418,1
149,34,188,1.52899232706986,0.0859203749336302,0.897240762133151,0.954715459700674,0.211264908430167,1.41855722200125,2
149,34,188,1.52899232706986,0.0859203749336302,0.897240762133151,0.954715459700674,0.211264908430167,1.41855722200125,2
149,34,188,1.52899232706986,0.0859203749336302,0.897240762133151,0.954715459700674,0.211264908430167,1.41855722200125,2
149,34,188,1.52899232706986,0.0859203749336302,0.897240762133151,0.954715459700674,0.211264908430167,1.41855722200125,2
150,18,86,1.50342913186178,0.114761753194034,0.844685421092436,0.712869571708143,0.440766213811003,1.2714711627923,1
150,18,86,1.50342913186178,0.114761753194034,0.844685421092436,0.712869571708143,0.440766213811003,1.2714711627923,1
150,18,86,1.50342913186178,0.114761753194034,0.844685421092436,0.712869571708143,0.440766213811003,1.2714711627923,1
150,18,86,1.50342913186178,0.114761753194034,0.844685421092436,0.712869571708143,0.440766213811003,1.2714711627923,1
151,24,174,1.44909559674561,0.22565872175619,1.46604776009917,0.959846269059926,0.34954864194151,1.06234170822427,2
151,24,174,1.44909559674561,0.22565872175619,1.46604776009917,0.959846269059926,0.34954864194151,1.06234170822427,2
151,24,174,1.44909559674561,0.22565872175619,1.46604776009917,0.959846269059926,0.34954864194151,1.06234170822427,2
151,24,174,1.44909559674561,0.22565872175619,1.46604776009917,0.959846269059926,0.34954864194151,1.06234170822427,2
152,16,198,1.40024499180727,0.293935097847134,2.64374293223955,0.630486337002367,0.218721383716911,1.31868902593851,2
152,16,198,1.40024499180727,0.293935097847134,2.64374293223955,0.630486337002367,0.218721383716911,1.31868902593851,2
152,16,198,1.40024499180727,0.293935097847134,2.64374293223955,0.630486337002367,0.218721383716911,1.31868902593851,2
152,16,198,1.40024499180727,0.293935097847134,2.64374293223955,0.630486337002367,0.218721383716911,1.31868902593851,2
153,23,154,1.59779093619436,0.043239077553153,2.31541091878898,0.779310993663967,0.496900525176898,0.273185733240098,2
153,23,154,1.59779093619436,0.043239077553153,2.31541091878898,0.779310993663967,0.496900525176898,0.273185733240098,2
153,23,154,1.59779093619436,0.043239077553153,2.31541091878898,0.779310993663967,0.496900525176898,0.273185733240098,2
153,23,154,1.59779093619436,0.043239077553153,2.31541091878898,0.779310993663967,0.496900525176898,0.273185733240098,2
154,60,154,1.39231989216059,0.292136802617461,2.36278811562806,0.865675655007362,0.330134404008277,1.84062049724162,2
154,60,154,1.39231989216059,0.292136802617461,2.36278811562806,0.865675655007362,0.330134404008277,1.84062049724162,2
154,60,154,1.39231989216059,0.292136802617461,2.36278811562806,0.865675655007362,0.330134404008277,1.84062049724162,2
154,60,154,1.39231989216059,0.292136802617461,2.36278811562806,0.865675655007362,0.330134404008277,1.84062049724162,2
155,10,152,1.66607755981386,0.0213154575787485,0.836203359765932,0.607647331431508,0.125635047908872,0.52293795067817,2
155,10,152,1.66607755981386,0.0213154575787485,0.836203359765932,0.607647331431508,0.125635047908872,0.52293795067817,2
155,10,152,1.66607755981386,0.0213154575787485,0.836203359765932,0.607647331431508,0.125635047908872,0.52293795067817,2
155,10,152,1.66607755981386,0.0213154575787485,0.836203359765932,0.607647331431508,0.125635047908872,0.52293795067817,2
156,52,206,1.7999292079825,0.347182609047741,0.388556786812842,0.769411994703114,0.416917606955394,0.131151663605124,2
156,52,206,1.7999292079825,0.347182609047741,0.388556786812842,0.769411994703114,0.416917606955394,0.131151663605124,2
156,52,206,1.7999292079825,0.347182609047741,0.388556786812842,0.769411994703114,0.416917606955394,0.131151663605124,2
156,52,206,1.7999292079825,0.347182609047741,0.388556786812842,0.769411994703114,0.416917606955394,0.131151663605124,2
157,26,80,1.7575364636723,0.199912672862411,2.81484650750645,0.69762747855857,0.351905960123986,0.963657578919083,1
157,26,80,1.7575364636723,0.199912672862411,2.81484650750645,0.69762747855857,0.351905960123986,0.963657578919083,1
157,26,80,1.7575364636723,0.199912672862411,2.81484650750645,0.69762747855857,0.351905960123986,0.963657578919083,1
157,26,80,1.7575364636723,0.199912672862411,2.81484650750645,0.69762747855857,0.351905960123986,0.963657578919083,1
158,32,240,1.73002322176471,0.154174439515918,1.5053783277981,0.973810578417033,0.0517354513285682,0.68170907581225,2
158,32,240,1.73002322176471,0.154174439515918,1.5053783277981,0.973810578417033,0.0517354513285682,0.68170907581225,2
158,32,240,1.73002322176471,0.154174439515918,1.5053783277981,0.973810578417033,0.0517354513285682,0.68170907581225,2
158,32,240,1.73002322176471,0.154174439515918,1.5053783277981,0.973810578417033,0.0517354513285682,0.68170907581225,2
159,9,160,1.50396951148286,0.12417284315452,0.400622227694839,0.844541498087347,0.0669513100292534,0.298997475299984,1
159,9,160,1.50396951148286,0.12417284315452,0.400622227694839,0.844541498087347,0.0669513100292534,0.298997475299984,1
159,9,160,1.50396951148286,0.12417284315452,0.400622227694839,0.844541498087347,0.0669513100292534,0.298997475299984,1
159,9,160,1.50396951148286,0.12417284315452,0.400622227694839,0.844541498087347,0.0669513100292534,0.298997475299984,1
160,1,228,1.76757144299336,0.347066949680448,0.154426252003759,0.757177514117211,0.0180664244107902,0.649292919319123,2
160,1,228,1.76757144299336,0.347066949680448,0.154426252003759,0.757177514117211,0.0180664244107902,0.649292919319123,2
160,1,228,1.76757144299336,0.347066949680448,0.154426252003759,0.757177514117211,0.0180664244107902,0.649292919319123,2
160,1,228,1.76757144299336,0.347066949680448,0.154426252003759,0.757177514117211,0.0180664244107902,0.649292919319123,2
161,12,182,1.5224062403664,0.0256174814887345,0.422111755935475,0.91690756585449,0.427750451955944,0.224029243458062,2
161,12,182,1.5224062403664,0.0256174814887345,0.422111755935475,0.91690756585449,0.427750451955944,0.224029243458062,2
161,12,182,1.5224062403664,0.0256174814887345,0.422111755935475,0.91690756585449,0.427750451955944,0.224029243458062,2
161,12,182,1.5224062403664,0.0256174814887345,0.422111755935475,0.91690756585449,0.427750451955944,0.224029243458062,2
162,25,196,1.23277159491554,0.339139807689935,2.69373664492741,0.6501275931485,0.383594892220572,1.9230398144573,1
162,25,196,1.23277159491554,0.339139807689935,2.69373664492741,0.6501275931485,0.383594892220572,1.9230398144573,1
162,25,196,1.23277159491554,0.339139807689935,2.69373664492741,0.6501275931485,0.383594892220572,1.9230398144573,1
162,25,196,1.23277159491554,0.339139807689935,2.69373664492741,0.6501275931485,0.383594892220572,1.9230398144573,1
163,44,204,1.51687237168662,0.377311853785068,0.0260897891130298,0.677633167803288,0.00247998116537929,1.28375735506415,2
163,44,204,1.51687237168662,0.377311853785068,0.0260897891130298,0.677633167803288,0.00247998116537929,1.28375735506415,2
163,44,204,1.51687237168662,0.377311853785068,0.0260897891130298,0.677633167803288,0.00247998116537929,1.28375735506415,2
163,44,204,1.51687237168662,0.377311853785068,0.0260897891130298,0.677633167803288,0.00247998116537929,1.28375735506415,2
164,48,170,1.75353809176013,0.199466553609818,1.80068687908351,0.636636990774423,0.0446731101255864,0.821450852788985,1
164,48,170,1.75353809176013,0.199466553609818,1.80068687908351,0.636636990774423,0.0446731101255864,0.821450852788985,1
164,48,170,1.75353809176013,0.199466553609818,1.80068687908351,0.636636990774423,0.0446731101255864,0.821450852788985,1
164,48,170,1.75353809176013,0.199466553609818,1.80068687908351,0.636636990774423,0.0446731101255864,0.821450852788985,1
165,5,68,1.32702544899657,0.32574959276244,0.0188223151490092,0.642296163085848,0.391404070775025,1.15755670145154,1
165,5,68,1.32702544899657,0.32574959276244,0.0188223151490092,0.642296163085848,0.391404070775025,1.15755670145154,1
165,5,68,1.32702544899657,0.32574959276244,0.0188223151490092,0.642296163085848,0.391404070775025,1.15755670145154,1
165,5,68,1.32702544899657,0.32574959276244,0.0188223151490092,0.642296163085848,0.391404070775025,1.15755670145154,1
166,26,128,1.58750860090367,0.383946118224412,0.520307930186391,0.909619436133653,0.153990328428335,0.280667712446302,2
166,26,128,1.58750860090367,0.383946118224412,0.520307930186391,0.909619436133653,0.153990328428335,0.280667712446302,2
166,26,128,1.58750860090367,0.383946118224412,0.520307930186391,0.909619436133653,0.153990328428335,0.280667712446302,2
166,26,128,1.58750860090367,0.383946118224412,0.520307930186391,0.909619436133653,0.153990328428335,0.280667712446302,2
167,39,168,1.5857561015524,0.301495634857565,1.58537976793014,0.805729238782078,0.355813246918842,0.0361306215636432,2
167,39,168,1.5857561015524,0.301495634857565,1.58537976793014,0.805729238782078,0.355813246918842,0.0361306215636432,2
167,39,168,1.5857561015524,0.301495634857565,1.58537976793014,0.805729238782078,0.355813246918842,0.0361306215636432,2
167,39,168,1.5857561015524,0.301495634857565,1.58537976793014,0.805729238782078,0.355813246918842,0.0361306215636432,2
168,46,192,1.41238595223986,0.383264837693423,0.689204742433503,0.799009737931192,0.372148951166309,1.23231148486957,1
168,46,192,1.41238595223986,0.383264837693423,0.689204742433503,0.799009737931192,0.372148951166309,1.23231148486957,1
168,46,192,1.41238595223986,0.383264837693423,0.689204742433503,0.799009737931192,0.372148951166309,1.23231148486957,1
168,46,192,1.41238595223986,0.383264837693423,0.689204742433503,0.799009737931192,0.372148951166309,1.23231148486957,1
169,52,138,1.20648712394759,0.288606479763985,1.46029746928252,0.878952090069652,0.361419223016128,0.189637425355613,1
169,52,138,1.20648712394759,0.288606479763985,1.46029746928252,0.878952090069652,0.361419223016128,0.189637425355613,1
169,52,138,1.20648712394759,0.288606479763985,1.46029746928252,0.878952090069652,0.361419223016128,0.189637425355613,1
169,52,138,1.20648712394759,0.288606479763985,1.46029746928252,0.878952090069652,0.361419223016128,0.189637425355613,1
170,5,102,1.51415177495219,0.223129288945347,1.01915949722752,0.884296565968543,0.249688734533265,1.47043166775256,1
170,5,102,1.51415177495219,0.223129288945347,1.01915949722752,0.884296565968543,0.249688734533265,1.47043166775256,1
170,5,102,1.51415177495219,0.223129288945347,1.01915949722752,0.884296565968543,0.249688734533265,1.47043166775256,1
170,5,102,1.51415177495219,0.223129288945347,1.01915949722752,0.884296565968543,0.249688734533265,1.47043166775256,1
171,13,132,1.29957086951472,0.30513211376965,0.636136358371004,0.819931082148105,0.341360301128589,0.880212226882577,1
171,13,132,1.29957086951472,0.30513211376965,0.636136358371004,0.819931082148105,0.341360301128589,0.880212226882577,1
171,13,132,1.29957086951472,0.30513211376965,0.636136358371004,0.819931082148105,0.341360301128589,0.880212226882577,1
171,13,132,1.29957086951472,0.30513211376965,0.636136358371004,0.819931082148105,0.341360301128589,0.880212226882577,1
172,43,198,1.49610527926125,0.294342525862157,1.62714130687527,0.934246632829309,0.142573917750269,0.885264768265188,1
172,43,198,1.49610527926125,0.294342525862157,1.62714130687527,0.934246632829309,0.142573917750269,0.885264768265188,1
172,43,198,1.49610527926125,0.294342525862157,1.62714130687527,0.934246632829309,0.142573917750269,0.885264768265188,1
172,43,198,1.49610527926125,0.294342525862157,1.62714130687527,0.934246632829309,0.142573917750269,0.885264768265188,1
173,39,82,1.77605495648459,0.185418641194701,1.67976796044968,0.874682185612619,0.00283465930260718,1.10594839323312,1
173,39,82,1.77605495648459,0.185418641194701,1.67976796044968,0.874682185612619,0.00283465930260718,1.10594839323312,1
173,39,82,1.77605495648459,0.185418641194701,1.67976796044968,0.874682185612619,0.00283465930260718,1.10594839323312,1
173,39,82,1.77605495648459,0.185418641194701,1.67976796044968,0.874682185612619,0.00283465930260718,1.10594839323312,1
174,30,132,1.65367835042998,0.382115202024579,2.56158013036475,0.722245522402227,0.0567051317775622,0.37996018351987,1
174,30,132,1.65367835042998,0.382115202024579,2.56158013036475,0.722245522402227,0.0567051317775622,0.37996018351987,1
174,30,132,1.65367835042998,0.382115202024579,2.56158013036475,0.722245522402227,0.0567051317775622,0.37996018351987,1
174,30,132,1.65367835042998,0.382115202024579,2.56158013036475,0.722245522402227,0.0567051317775622,0.37996018351987,1
175,47,96,1.7466993373353,0.240710144303739,1.04498869017698,0.632894555758685,0.0728104941081256,1.21431474201381,1
175,47,96,1.7466993373353,0.240710144303739,1.04498869017698,0.632894555758685,0.0728104941081256,1.21431474201381,1
175,47,96,1.7466993373353,0.240710144303739,1.04498869017698,0.632894555758685,0.0728104941081256,1.21431474201381,1
175,47,96,1.7466993373353,0.240710144303739,1.04498869017698,0.632894555758685,0.0728104941081256,1.21431474201381,1
176,2,24,1.29935376285575,0.0764616042375565,2.8911759427283,0.799210795480758,0.0585338351083919,1.46579092461616,1
176,2,24,1.29935376285575,0.0764616042375565,2.8911759427283,0.799210795480758,0.0585338351083919,1.46579092461616,1
176,2,24,1.29935376285575,0.0764616042375565,2.8911759427283,0.799210795480758,0.0585338351083919,1.46579092461616,1
176,2,24,1.29935376285575,0.0764616042375565,2.8911759427283,0.799210795480758,0.0585338351083919,1.46579092461616,1
177,1,216,1.5295890904963,0.0399775104597211,0.626600694609806,0.977564067672938,0.173347155679949,1.52933391835541,1
177,1,216,1.5295890904963,0.0399775104597211,0.626600694609806,0.977564067672938,0.173347155679949,1.52933391835541,1
177,1,216,1.5295890904963,0.0399775104597211,0.626600694609806,0.977564067672938,0.173347155679949,1.52933391835541,1
177,1,216,1.5295890904963,0.0399775104597211,0.626600694609806,0.977564067672938,0.173347155679949,1.52933391835541,1
178,4,210,1.46319976765662,0.0804027118720114,0.695137753849849,0.607584548089653,0.0780082744313404,1.54158743470907,1
178,4,210,1.46319976765662,0.0804027118720114,0.695137753849849,0.607584548089653,0.0780082744313404,1.54158743470907,1
178,4,210,1.46319976765662,0.0804027118720114,0.695137753849849,0.607584548089653,0.0780082744313404,1.54158743470907,1
178,4,210,1.46319976765662,0.0804027118720114,0.695137753849849,0.607584548089653,0.0780082744313404,1.54158743470907,1
179,15,140,1.34297187253833,0.337792699038982,2.05858553387225,0.618390422407538,0.354944954859093,0.0453291130252182,2
179,15,140,1.34297187253833,0.337792699038982,2.05858553387225,0.618390422407538,0.354944954859093,0.0453291130252182,2
179,15,140,1.34297187253833,0.337792699038982,2.05858553387225,0.618390422407538,0.354944954859093,0.0453291130252182,2
179,15,140,1.34297187253833,0.337792699038982,2.05858553387225,0.618390422407538,0.354944954859093,0.0453291130252182,2
180,33,214,1.49768728511408,0.0790700540877879,2.23407025518827,0.934657344035804,0.121913692448288,0.753579758107662,2
180,33,214,1.49768728511408,0.0790700540877879,2.23407025518827,0.934657344035804,0.121913692448288,0.753579758107662,2
180,33,214,1.49768728511408,0.0790700540877879,2.23407025518827,0.934657344035804,0.121913692448288,0.753579758107662,2
180,33,214,1.49768728511408,0.0790700540877879,2.23407025518827,0.934657344035804,0.121913692448288,0.753579758107662,2
181,8,178,1.39810161483474,0.387667699251324,2.59958484512754,0.796052719745785,0.0959981591440737,0.317163528874516,2
181,8,178,1.39810161483474,0.387667699251324,2.59958484512754,0.796052719745785,0.0959981591440737,0.317163528874516,2
181,8,178,1.39810161483474,0.387667699251324,2.59958484512754,0.796052719745785,0.0959981591440737,0.317163528874516,2
181,8,178,1.39810161483474,0.387667699251324,2.59958484512754,0.796052719745785,0.0959981591440737,0.317163528874516,2
182,16,204,1.5483211716637,0.13661031415686,2.86167417489924,0.896660665143281,0.11173480853904,0.258327902760357,1
182,16,204,1.5483211716637,0.13661031415686,2.86167417489924,0.896660665143281,0.11173480853904,0.258327902760357,1
182,16,204,1.5483211716637,0.13661031415686,2.86167417489924,0.896660665143281,0.11173480853904,0.258327902760357,1
182,16,204,1.5483211716637,0.13661031415686,2.86167417489924,0.896660665143281,0.11173480853904,0.258327902760357,1
183,15,148,1.73563851490617,0.390891660843045,0.35006507858634,0.893840357102454,0.0720639516366646,1.42133690742776,1
183,15,148,1.73563851490617,0.390891660843045,0.35006507858634,0.893840357102454,0.0720639516366646,1.42133690742776,1
183,15,148,1.73563851490617,0.390891660843045,0.35006507858634,0.893840357102454,0.0720639516366646,1.42133690742776,1
183,15,148,1.73563851490617,0.390891660843045,0.35006507858634,0.893840357102454,0.0720639516366646,1.42133690742776,1
184,48,118,1.38878115504049,0.324847524426878,1.58464854536578,0.676410987228155,0.126861547934823,1.49945354228839,1
184,48,118,1.38878115504049,0.324847524426878,1.58464854536578,0.676410987228155,0.126861547934823,1.49945354228839,1
184,48,118,1.38878115504049,0.324847524426878,1.58464854536578,0.676410987228155,0.126861547934823,1.49945354228839,1
184,48,118,1.38878115504049,0.324847524426878,1.58464854536578,0.676410987228155,0.126861547934823,1.49945354228839,1
185,45,124,1.31999115343206,0.149178529158235,0.744691471103579,0.976635159738362,0.185504836845212,1.91464928770438,2
185,45,124,1.31999115343206,0.149178529158235,0.744691471103579,0.976635159738362,0.185504836845212,1.91464928770438,2
185,45,124,1.31999115343206,0.149178529158235,0.744691471103579,0.976635159738362,0.185504836845212,1.91464928770438,2
185,45,124,1.31999115343206,0.149178529158235,0.744691471103579,0.976635159738362,0.185504836845212,1.91464928770438,2
186,10,68,1.79892098000273,0.124152953457087,0.480448958231136,0.618677442148328,0.477461493806913,1.57118870411068,2
186,10,68,1.79892098000273,0.124152953457087,0.480448958231136,0.618677442148328,0.477461493806913,1.57118870411068,2
186,10,68,1.79892098000273,0.124152953457087,0.480448958231136,0.618677442148328,0.477461493806913,1.57118870411068,2
186,10,68,1.79892098000273,0.124152953457087,0.480448958231136,0.618677442148328,0.477461493806913,1.57118870411068,2
187,40,176,1.71532555441372,0.303670783434063,2.35613511828706,0.702241289895028,0.468907669885084,1.48841180372983,1
187,40,176,1.71532555441372,0.303670783434063,2.35613511828706,0.702241289895028,0.468907669885084,1.48841180372983,1
187,40,176,1.71532555441372,0.303670783434063,2.35613511828706,0.702241289895028,0.468907669885084,1.48841180372983,1
187,40,176,1.71532555441372,0.303670783434063,2.35613511828706,0.702241289895028,0.468907669885084,1.48841180372983,1
188,23,234,1.77295173495077,0.261723454017192,2.11798561457545,0.694880375824869,0.159025631961413,1.36796958977357,1
188,23,234,1.77295173495077,0.261723454017192,2.11798561457545,0.694880375824869,0.159025631961413,1.36796958977357,1
188,23,234,1.77295173495077,0.261723454017192,2.11798561457545,0.694880375824869,0.159025631961413,1.36796958977357,1
188,23,234,1.77295173495077,0.261723454017192,2.11798561457545,0.694880375824869,0.159025631961413,1.36796958977357,1
189,42,110,1.70856681531295,0.0680795637890697,2.3093960643746,0.699156706035137,0.340400991146453,1.21346694882959,2
189,42,110,1.70856681531295,0.0680795637890697,2.3093960643746,0.699156706035137,0.340400991146453,1.21346694882959,2
189,42,110,1.70856681531295,0.0680795637890697,2.3093960643746,0.699156706035137,0.340400991146453,1.21346694882959,2
189,42,110,1.70856681531295,0.0680795637890697,2.3093960643746,0.699156706035137,0.340400991146453,1.21346694882959,2
190,59,144,1.71932413349859,0.0908553627319634,1.08803473273292,0.925921253301203,0.436606983304955,1.693023303058,1
190,59,144,1.71932413349859,0.0908553627319634,1.08803473273292,0.925921253301203,0.436606983304955,1.693023303058,1
190,59,144,1.71932413349859,0.0908553627319634,1.08803473273292,0.925921253301203,0.436606983304955,1.693023303058,1
190,59,144,1.71932413349859,0.0908553627319634,1.08803473273292,0.925921253301203,0.436606983304955,1.693023303058,1
191,6,76,1.69047350054607,0.198229316063225,2.95260240859352,0.624916575103998,0.110583872301504,0.505702628288418,2
191,6,76,1.69047350054607,0.198229316063225,2.95260240859352,0.624916575103998,0.110583872301504,0.505702628288418,2
191,6,76,1.69047350054607,0.198229316063225,2.95260240859352,0.624916575103998,0.110583872301504,0.505702628288418,2
191,6,76,1.69047350054607,0.198229316063225,2.95260240859352,0.624916575103998,0.110583872301504,0.505702628288418,2
192,17,74,1.38560058125295,0.323052028845996,1.32950384588912,0.873231030348688,0.370221052202396,0.690820287447423,2
192,17,74,1.38560058125295,0.323052028845996,1.32950384588912,0.873231030348688,0.370221052202396,0.690820287447423,2
192,17,74,1.38560058125295,0.323052028845996,1.32950384588912,0.873231030348688,0.370221052202396,0.690820287447423,2
192,17,74,1.38560058125295,0.323052028845996,1.32950384588912,0.873231030348688,0.370221052202396,0.690820287447423,2
193,59,130,1.43980848924257,0.199162778444588,2.16857695975341,0.780778288189322,0.219432677025907,1.73446896672249,2
193,59,130,1.43980848924257,0.199162778444588,2.16857695975341,0.780778288189322,0.219432677025907,1.73446896672249,2
193,59,130,1.43980848924257,0.199162778444588,2.16857695975341,0.780778288189322,0.219432677025907,1.73446896672249,2
193,59,130,1.43980848924257,0.199162778444588,2.16857695975341,0.780778288189322,0.219432677025907,1.73446896672249,2
194,15,236,1.46038211602718,0.293921908829361,2.28812190424651,0.827813569735736,0.21150361537002,1.76172687718645,1
194,15,236,1.46038211602718,0.293921908829361,2.28812190424651,0.827813569735736,0.21150361537002,1.76172687718645,1
194,15,236,1.46038211602718,0.293921908829361,2.28812190424651,0.827813569735736,0.21150361537002,1.76172687718645,1
194,15,236,1.46038211602718,0.293921908829361,2.28812190424651,0.827813569735736,0.21150361537002,1.76172687718645,1
195,21,228,1.37494452875108,0.233997023385018,1.57190341805108,0.897005580738187,0.371427681180649,1.14575139759108,1
195,21,228,1.37494452875108,0.233997023385018,1.57190341805108,0.897005580738187,0.371427681180649,1.14575139759108,1
195,21,228,1.37494452875108,0.233997023385018,1.57190341805108,0.897005580738187,0.371427681180649,1.14575139759108,1
195,21,228,1.37494452875108,0.233997023385018,1.57190341805108,0.897005580738187,0.371427681180649,1.14575139759108,1
196,1,72,1.57733154343441,0.313863231707364,2.87323596258648,0.953354150615633,0.118564938893542,1.40069404197857,2
196,1,72,1.57733154343441,0.313863231707364,2.87323596258648,0.953354150615633,0.118564938893542,1.40069404197857,2
196,1,72,1.57733154343441,0.313863231707364,2.87323596258648,0.953354150615633,0.118564938893542,1.40069404197857,2
196,1,72,1.57733154343441,0.313863231707364,2.87323596258648,0.953354150615633,0.118564938893542,1.40069404197857,2
197,16,224,1.49755162051879,0.219614948797971,2.50356354564428,0.949812623206526,0.0478927920339629,1.6473693321459,1
197,16,224,1.49755162051879,0.219614948797971,2.50356354564428,0.949812623206526,0.0478927920339629,1.6473693321459,1
197,16,224,1.49755162051879,0.219614948797971,2.50356354564428,0.949812623206526,0.0478927920339629,1.6473693321459,1
197,16,224,1.49755162051879,0.219614948797971,2.50356354564428,0.949812623206526,0.0478927920339629,1.6473693321459,1
198,16,102,1.73879512413405,0.243725279904902,2.37873470876366,0.653049273509532,0.335597737343051,0.365640501491725,2
198,16,102,1.73879512413405,0.243725279904902,2.37873470876366,0.653049273509532,0.335597737343051,0.365640501491725,2
198,16,102,1.73879512413405,0.243725279904902,2.37873470876366,0.653049273509532,0.335597737343051,0.365640501491725,2
198,16,102,1.73879512413405,0.243725279904902,2.37873470876366,0.653049273509532,0.335597737343051,0.365640501491725,2
199,42,150,1.50890276888385,0.1394202160649,1.34920659963973,0.607336984761059,0.188146915752441,1.66284554777667,1
199,42,150,1.50890276888385,0.1394202160649,1.34920659963973,0.607336984761059,0.188146915752441,1.66284554777667,1
199,42,150,1.50890276888385,0.1394202160649,1.34920659963973,0.607336984761059,0.188146915752441,1.66284554777667,1
199,42,150,1.50890276888385,0.1394202160649,1.34920659963973,0.607336984761059,0.188146915752441,1.66284554777667,1
200,37,110,1.37337367739528,0.217881340626627,1.31516838097014,0.772101274691522,0.252789021120407,0.422526922076941,2
200,37,110,1.37337367739528,0.217881340626627,1.31516838097014,0.772101274691522,0.252789021120407,0.422526922076941,2
200,37,110,1.37337367739528,0.217881340626627,1.31516838097014,0.772101274691522,0.252789021120407,0.422526922076941,2
200,37,110,1.37337367739528,0.217881340626627,1.31516838097014,0.772101274691522,0.252789021120407,0.422526922076941,2
