"","Group.1","population_size","parent_size","rank","mutation_variation","score"
"372",372,33,98,1.48137103044428,0.110640037455596,9.92764484234705
"897",897,37,122,1.71051220665686,0.136933629633859,9.85597665148374
"410",410,62,130,1.24119528080337,0.1618815792026,9.82046557788529
"711",711,32,146,1.74744783574715,0.180152392131276,9.76737417004518
"692",692,33,92,1.16314001730643,0.217918680864386,9.74786923792897
"323",323,53,124,1.2612728998065,0.193876004661433,9.73741630476754
"369",369,46,170,1.9730540018063,0.215412732213736,9.73003324813706
"671",671,34,110,1.92481915233657,0.247001179261133,9.68643511918769
"832",832,46,180,1.86403691302985,0.195886564208195,9.64874662129551
"36",36,56,180,1.87964846543036,0.260928340954706,9.61079754924678
"136",136,55,128,1.4760165438056,0.298343087895773,9.60984119962865
"110",110,72,182,1.9081110265106,0.230173874995671,9.60793003826041
"425",425,84,180,1.68990871682763,0.225494629121386,9.57470050877952
"843",843,46,144,1.45991319650784,0.307236910215579,9.53496705995626
"508",508,55,152,1.03541942615993,0.243732883711345,9.53111512618953
"927",927,38,90,1.8193914773874,0.332257330650464,9.52655847062986
"78",78,65,130,1.61843996844254,0.30386349267792,9.49862763718389
"641",641,83,210,1.71794266439974,0.229880812228657,9.47713154907366
"333",333,41,108,1.1786662901286,0.132191442768089,9.47084134893536
"63",63,30,144,1.72596822073683,0.291350897983648,9.46686172279563
"955",955,31,186,1.80618865508586,0.300506088300608,9.46607240440256
"483",483,87,188,1.48386019351892,0.241599682252854,9.42623735229905
"793",793,93,198,1.30075058480725,0.277886404772289,9.41404482231414
"207",207,51,114,1.89072180795483,0.373867110349238,9.3953688815078
"46",46,69,144,1.04612071532756,0.189306205371395,9.3559851179158
"924",924,85,224,1.6684389046859,0.271481920033693,9.3413054772975
"123",123,39,190,1.3830597915221,0.323611237574369,9.33868661115744
"24",24,61,152,1.79931945540011,0.366597280255519,9.31085038463292
"740",740,79,242,1.86183989373967,0.283696091151796,9.28351577688086
"467",467,50,160,1.99496058328077,0.408515628543682,9.27933987765014
"482",482,74,150,1.88323162542656,0.373558787046932,9.27283217371121
"960",960,66,248,1.73401019885205,0.273241940885782,9.27074722171729
"903",903,50,240,1.85107587231323,0.245240007760003,9.26960320217211
"298",298,33,70,1.13359189406037,0.426204855437391,9.25622750556367
"988",988,66,200,1.82068657130003,0.335005696746521,9.24217295396169
"819",819,65,232,1.68888247408904,0.33407797885593,9.21393978671127
"274",274,66,210,1.62103830231354,0.341668640961871,9.20548079837965
"865",865,93,232,1.77563761430793,0.340090246638283,9.20357853141902
"230",230,81,176,1.90635706763715,0.423370875418186,9.19445384449046
"124",124,33,206,1.41677777795121,0.406484011560678,9.17333868980477
"948",948,84,208,1.34968568547629,0.218503885436803,9.15814423418398
"453",453,43,134,1.75401193858124,0.432032964774407,9.13404795061446
"831",831,104,238,1.75011871755123,0.203376809484325,9.13086726769124
"420",420,38,142,1.21549943601713,0.397412369959056,9.12010384963128
"280",280,51,252,1.7556272232905,0.33409194345586,9.11951096979525
"650",650,35,96,1.62736998335458,0.435200007865205,9.11647868013521
"703",703,44,288,1.57721817819402,0.287193153169937,9.11354439347194
"348",348,59,224,1.36597738554701,0.260270787402987,9.11004426454156
"801",801,73,216,1.21482265787199,0.32005606405437,9.09772438193893
"795",795,84,168,1.7514000532683,0.387710356269963,9.0949220249026
"423",423,46,236,1.86018767999485,0.342514624004252,9.07037439744459
"889",889,128,264,1.68727251514792,0.297316460753791,9.02721519379671
"509",509,66,224,1.25658802641556,0.342568574589677,9.00575984827095
"967",967,67,218,1.07474117074162,0.353989541297778,9.00105115897067
"874",874,74,224,1.76564130280167,0.426029115100391,8.98857825095759
"605",605,79,250,1.41233847057447,0.271193474996835,8.9552532323416
"522",522,80,290,1.83299338188954,0.297877207747661,8.9504043231903
"312",312,79,178,1.02958946488798,0.219819977763109,8.94027607351521
"406",406,38,184,1.38473701965995,0.459266400896013,8.92838699336917
"780",780,74,202,1.0263041718863,0.295808154973201,8.90244209800245
"51",51,56,200,1.0721940647345,0.242163150571287,8.89800576303673
"72",72,51,222,1.89042401546612,0.437677873531356,8.88644923266581
"519",519,97,264,1.83095610258169,0.382457079249434,8.87666575971364
"336",336,52,194,1.79453613026999,0.458172309910879,8.87277787138854
"674",674,88,240,1.55326038505882,0.41287202690728,8.86515488951996
"751",751,39,230,1.48042162554339,0.392699331743643,8.8522496910008
"304",304,84,206,1.31258898181841,0.434030781616457,8.85037070336498
"618",618,137,274,1.79760670335963,0.380313301808201,8.80684302074578
"886",886,128,284,1.79537959303707,0.319789048167877,8.78960890854694
"732",732,58,210,1.98775946488604,0.16769625688903,8.76914191056155
"724",724,92,252,1.3841152114328,0.286389734828845,8.74840794678442
"528",528,58,260,1.99299612105824,0.434517615591176,8.74581649437075
"187",187,93,262,1.9579064140562,0.449849757365882,8.70443937013625
"682",682,113,254,1.15323336352594,0.381936137098819,8.6889144065684
"945",945,62,258,1.82531929970719,0.449685213854536,8.68163452095694
"162",162,76,268,1.80463309562765,0.451776140951551,8.67632476397703
"813",813,49,260,1.11866092449054,0.319527366780676,8.65462824915396
"822",822,107,242,1.82910429732874,0.224437033408321,8.65429953925049
"879",879,40,198,1.40386646939442,0.183929661870934,8.64609525028733
"384",384,52,270,1.2237285329029,0.308705437812023,8.59611454730792
"315",315,89,256,1.79258548561484,0.445928864530288,8.58547529869024
"861",861,87,210,1.0267482791096,0.445253475336358,8.5597333089061
"992",992,48,218,1.9985221431125,0.492335410788655,8.55904349101807
"706",706,99,270,1.51632553525269,0.411348865367472,8.54753355155075
"647",647,72,224,1.60276669659652,0.486488417955115,8.50256431729358
"261",261,94,192,1.08167993929237,0.460979797178879,8.4969586000959
"69",69,72,284,1.41184239904396,0.294103950611316,8.4846931113529
"555",555,113,286,1.89202889055014,0.281047839205712,8.45197877780444
"646",646,48,246,1.31418338115327,0.498352666269056,8.44191282296783
"371",371,83,286,1.94445008737966,0.207710738875903,8.37045299403748
"34",34,61,294,1.11328501277603,0.348337051109411,8.34087298592263
"764",764,78,286,1.23586555104703,0.375145764090121,8.31476279652454
"701",701,37,280,1.52545429277234,0.264798472868279,8.27709690136658
"561",561,53,276,1.04454486584291,0.454979417379946,8.26633405491646
"303",303,50,282,1.07500839070417,0.407742548501119,8.17561291797576
"259",259,80,270,1.09919002070092,0.39182757679373,8.14544935551352
"573",573,145,296,1.46345554245636,0.338611555285752,8.1207981145281
"574",574,111,250,1.11033340799622,0.464825794217177,8.06915365202211
"445",445,89,270,1.18440610752441,0.434980605146848,7.97069751964002
"374",374,103,256,1.07636127620935,0.293102257419378,7.96435962006512
"742",742,100,240,1.1838452978991,0.298539199284278,7.85910090785284
"942",942,36,292,1.08708580001257,0.327213762560859,7.84968287953146
"539",539,110,234,1.24574089469388,0.273440125165507,7.75623249732918
"465",465,53,170,1.29064127616584,0.156796139897779,7.68076751560045
"892",892,126,276,1.19157754862681,0.350016009761021,7.56074806073924
"811",811,87,300,1.30737354513258,0.316653709392995,7.45671308106868
"149",149,117,280,1.15855032415129,0.274565965868533,7.41155842012255
"665",665,145,294,1.06103031546809,0.419499609735794,7.39322086342008
"943",943,48,258,1.52636830951087,0.186241006711498,7.27275546231153
"514",514,143,286,1.00049005728215,0.439503840287216,7.25493359562743
"825",825,79,256,1.86697710072622,0.154898432898335,7.2090322322617
"715",715,103,270,1.80525109544396,0.206538817379624,7.05095859063637
"645",645,56,238,1.40419458481483,0.199597690021619,6.97348734906207
"582",582,114,296,1.03355714469217,0.336134642828256,6.89178724229551
"100",100,115,296,1.3624433670193,0.266927664983086,6.77209783946297
"745",745,98,228,1.59463486797176,0.13962218828965,6.4819610243235
"138",138,118,246,1.66827042680234,0.127442856552079,6.32031758339978
"491",491,53,274,1.39984064735472,0.214379208977334,6.28217278949118
"620",620,66,210,1.33341953041963,0.159604422049597,6.02351108018497
"404",404,45,184,1.2276136605069,0.124275120440871,5.9950799081367
"586",586,118,258,1.12242912268266,0.230347568402067,5.68194828313311
"583",583,145,290,1.3191214571707,0.242710720398463,5.66393328816082
"631",631,62,244,1.30025588371791,0.166960429516621,5.23574204893488
"270",270,122,280,1.34740403760225,0.192110200994648,5.09626145719849
"310",310,118,270,1.72005367465317,0.139081605826505,4.87483849783869
"174",174,72,264,1.03095808532089,0.211998088518158,4.47121714459019
"855",855,95,268,1.90524772717617,0.119187425705604,4.29285487186598
"35",35,120,286,1.39722308050841,0.161953056114726,4.1530080281114
"520",520,89,278,1.83294653170742,0.133386556059122,4.04952318905612
"205",205,124,298,1.07028956944123,0.190456708660349,3.7698090112354
"246",246,75,252,1.03033955907449,0.188569142716005,3.70257476687032
"428",428,82,280,1.65457587176934,0.122158066486008,2.93010351068857
"906",906,96,294,1.61594406794757,0.129001945373602,2.8713590622651
"912",912,90,226,1.60937581700273,0.109367869212292,2.77288709344094
"249",249,101,216,1.47409662790596,0.0771390896989033,2.22332437960068
"253",253,94,228,1.38623751257546,0.109695382998325,2.19742129875633
"564",564,68,184,1.10382585204206,0.103408974478953,2.03765348714484
"869",869,59,124,1.33803854230791,0.044436335680075,1.84802807681694
"826",826,34,258,1.77388397348113,0.0817225546343252,1.81073117676804
"122",122,52,280,1.23001479543746,0.181511883507483,1.76588685188914
"93",93,103,262,1.27964222570881,0.13219007931184,1.54551083677957
"730",730,87,300,1.13960499269888,0.136280557606369,1.47810442337563
"47",47,63,248,1.20430145435967,0.0928967131767422,1.39301590003049
"867",867,55,270,1.47629096196033,0.0891532816458493,1.22728597034325
"691",691,79,182,1.23648648499511,0.0653905651997775,1.07127976418194
"80",80,74,288,1.06722690956667,0.1439063079888,0.937428136350966
"150",150,131,300,1.22130197728984,0.120820863870904,0.918151968216263
"214",214,81,226,1.89809805992991,0.0577117876382545,0.868640479810084
"895",895,139,292,1.34587324340828,0.0336973102530465,0.753454502213771
"99",99,39,268,1.05760018364526,0.0987997588235885,0.711136365987363
"119",119,76,268,1.49336894531734,0.0780743900686502,0.647081927304208
"739",739,52,234,1.08038875646889,0.0675941716181114,0.580124641391447
"553",553,110,238,1.05212314799428,0.0557455664966255,0.527926719483959
"89",89,81,290,1.55004435242154,0.0741717085475102,0.524638146431435
"898",898,85,296,1.6719823454041,0.0706562804989517,0.475606640510158
"940",940,56,212,1.77098985644989,0.0543384758057073,0.420106121588992
"296",296,100,244,1.4059432700742,0.0193956126458943,0.39873410701964
"109",109,48,190,1.13046204019338,0.0508022691356018,0.395609681674432
"44",44,83,70,1.17131572496146,0.0466279292013496,0.31974878505386
"699",699,291,100,1.74462486687116,0.343802475486882,0.289413319200079
"381",381,63,132,1.94018085766584,0.0270558106712997,0.276843464469965
"455",455,90,210,1.51394885731861,0.0481313259806484,0.267376555920488
"542",542,129,264,1.46358203655109,0.0373607954243198,0.264282903182883
"833",833,112,238,1.98614849010482,0.0397633760003373,0.233914395186527
"66",66,107,276,1.34851009584963,0.0462415558286011,0.166494128419388
"677",677,75,204,1.60128538263962,0.0414800791768357,0.145813072343905
"487",487,58,212,1.34458631859161,0.00621381402015686,0.141225988258781
"746",746,30,284,1.03353184973821,0.0826342720538378,0.119641706002545
"39",39,170,280,1.66266065882519,0.235756063717417,0.11435765276878
"850",850,285,202,1.62188470596448,0.162454686127603,0.102355006691947
"587",587,282,76,1.02687913086265,0.214916792232543,0.0901699935789573
"212",212,31,214,1.0222485892009,0.0570972765563056,0.0884336759103142
"346",346,133,182,1.9783273995854,0.192316117929295,0.0828156022645495
"613",613,139,208,1.34074247232638,0.490171713172458,0.0783842290804743
"485",485,41,262,1.73591032531112,0.0319373579695821,0.0726631521688774
"476",476,171,276,1.25732604973018,0.239588033058681,0.0664595419290409
"980",980,126,254,1.57143249432556,0.000140199088491499,0.0630319514261529
"189",189,255,252,1.68714794237167,0.0232257256284356,0.0619797961621767
"220",220,206,148,1.9702459522523,0.397699533845298,0.0609287951052979
"376",376,275,54,1.2167008665856,0.196129846153781,0.0597458313267733
"784",784,164,212,1.12036585039459,0.338286394253373,0.0540830224397037
"497",497,181,214,1.03575640288182,0.441745050484315,0.0532347979551306
"735",735,230,132,1.57309035235085,0.173148965463042,0.0500752424826486
"705",705,287,114,1.38704010751098,0.36607683787588,0.0478868729359946
"272",272,71,140,1.02674942743033,0.381401892285794,0.0470985048519107
"211",211,200,66,1.14587438455783,0.0433704925235361,0.0455877119114532
"313",313,182,284,1.10340409167111,0.0848628947278485,0.0437162255888569
"356",356,141,252,1.59631350426935,0.236416913685389,0.0435207034990892
"30",30,223,176,1.7284355929587,0.372901266324334,0.0419878563093797
"770",770,181,140,1.05520876077935,0.474066728842445,0.0389492322375123
"876",876,266,248,1.34228213061579,0.434162929304875,0.0352443829241007
"799",799,264,216,1.38793203886598,0.0940078024286777,0.0350346559653493
"196",196,31,82,1.69354621483944,0.00353816396091133,0.0339638220194264
"362",362,238,112,1.42181048146449,0.103805811027996,0.0327373058885586
"28",28,199,66,1.5612203492783,0.238329671905376,0.0326795317037916
"166",166,175,250,1.17074103304185,0.455505990190431,0.0318404172608874
"977",977,135,130,1.60424603242427,0.0324122856836766,0.0316754185992044
"748",748,257,198,1.94060771143995,0.0190544141223654,0.0293349527426971
"140",140,39,104,1.21555129718035,0.0047909040004015,0.0281314912463342
"796",796,298,168,1.01456244918518,0.317940105567686,0.0277096686043293
"32",32,245,276,1.38062250334769,0.429758103331551,0.026174084810983
"597",597,293,300,1.78278715070337,0.207330684410408,0.0254153664326761
"95",95,189,200,1.15954365278594,0.407327193650417,0.0252581590022104
"651",651,63,258,1.83331958786584,0.0121935291681439,0.0249926782065695
"45",45,168,198,1.47414154582657,0.071909039048478,0.022707158525357
"86",86,106,12,1.35389996226877,0.282216250314377,0.0219036672351878
"778",778,288,124,1.7856177596841,0.232950369594619,0.0218373752972956
"762",762,241,266,1.76573962206021,0.000132025801576674,0.0211472429851555
"649",649,282,220,1.05161386518739,0.0205441414145753,0.0206533144335778
"722",722,172,106,1.22623782046139,0.152640352491289,0.0206417575856681
"370",370,194,34,1.47866341867484,0.376020187744871,0.0206229633032443
"82",82,185,68,1.09622196224518,0.246142436983064,0.0201363019475642
"163",163,214,158,1.69910521246493,0.349317863350734,0.019383283889514
"821",821,139,236,1.06930110231042,0.322653351584449,0.0193276326661454
"339",339,162,160,1.45213340758346,0.40631700004451,0.0191455974178912
"771",771,111,86,1.3257073611021,0.199079911224544,0.018819875990621
"810",810,151,192,1.98814802104607,0.247254979680292,0.0187111611649905
"443",443,166,174,1.52221842994913,0.293573097907938,0.0184349868213679
"10",10,184,158,1.04425603384152,0.41588734369725,0.0175760180831111
"54",54,211,174,1.26849887706339,0.0987185011617839,0.017401946489068
"604",604,299,144,1.21401173062623,0.31892807839904,0.0171995030603703
"594",594,202,246,1.32657146826386,0.41511851164978,0.0169802455845049
"559",559,151,64,1.72490663803183,0.275794047745876,0.0169473179802501
"377",377,204,124,1.73699286044575,0.313564175623469,0.0167581054986615
"29",29,199,148,1.52349288784899,0.0601022879127413,0.0165243590351952
"560",560,298,242,1.30240976205096,0.191322179627605,0.0165183272732565
"106",106,253,180,1.50138605269603,0.333552472060546,0.0160313495816889
"596",596,258,182,1.39761095354334,0.406392483855598,0.0159979388035746
"422",422,263,244,1.2908113701269,0.322371458052658,0.0153277440441521
"595",595,249,192,1.52609280846082,0.0506272887578234,0.0153026727876918
"152",152,153,94,1.85320707061328,0.103614217601717,0.0145680124137976
"599",599,263,200,1.10292400931939,0.296601981041022,0.0145652087314953
"637",637,282,142,1.20956582482904,0.0726083199260756,0.0144451995142199
"957",957,201,160,1.11892173904926,0.23491147661116,0.0141917925713722
"894",894,274,56,1.9017010233365,0.125068271765485,0.0135938862507404
"536",536,280,146,1.61488775769249,0.289070849539712,0.0135245164167899
"529",529,215,202,1.36924806120805,0.15756260510534,0.0133750077802136
"282",282,150,24,1.55538486479782,0.00522972259204835,0.0133384133043073
"399",399,259,268,1.91738120466471,0.48737108707428,0.0129546599847469
"939",939,264,282,1.72820964455605,0.0626243657898158,0.0121599935219066
"231",231,102,116,1.76081325439736,0.194131404045038,0.0120677787020027
"173",173,152,206,1.11054194625467,0.140822957269847,0.0120302001405389
"73",73,140,150,1.20903917960823,0.373231662320904,0.0119457414675287
"145",145,245,300,1.40509997052141,0.130240673897788,0.0118362564344569
"496",496,93,132,1.04322724067606,0.165151202934794,0.0116784403080316
"755",755,217,68,1.83071823231876,0.310718295513652,0.0114117074051525
"353",353,130,62,1.33646052051336,0.273464043741114,0.0111734750577513
"640",640,190,288,1.1115382858552,0.342417051200755,0.010877294344458
"578",578,237,64,1.38266810495406,0.488429196295328,0.0107371068704158
"800",800,213,268,1.59807300870307,0.481252446305007,0.0105808875662314
"657",657,259,40,1.89168383739889,0.360673834453337,0.0105265457077759
"183",183,166,72,1.18531368835829,0.0378953667823225,0.0105244068376872
"114",114,168,258,1.91071309545077,0.0696041823830456,0.0103867912494535
"431",431,224,164,1.77277762023732,0.49664085812401,0.0103000216730772
"911",911,187,270,1.19357645255513,0.391622363473289,0.00985024952797464
"772",772,204,124,1.61353898979723,0.27526933257468,0.00941594544349348
"979",979,256,116,1.80689487140626,0.374361339141615,0.00920305988265257
"193",193,184,242,1.81104951677844,0.103650267235935,0.00897238037732221
"728",728,144,218,1.05240601766855,0.469862744910643,0.00887996329160549
"579",579,91,152,1.62489143200219,0.127443648641929,0.00885176473407394
"1",1,231,286,1.03540277318098,0.228461934253573,0.0088013947146253
"201",201,129,62,1.46577533031814,0.239627293194644,0.00871675257290277
"635",635,227,202,1.93104657600634,0.393932301085442,0.00864898567841116
"289",289,191,56,1.16833187686279,0.218368051457219,0.00862731819443626
"134",134,172,92,1.09446907253005,0.338650450226851,0.00852232718829562
"144",144,272,26,1.04696140671149,0.0364938323618844,0.00847186481880554
"125",125,273,78,1.10305384127423,0.133378467522562,0.0083548959849408
"52",52,136,90,1.45904944115318,0.318945995764807,0.00821227656171427
"569",569,294,200,1.97722138254903,0.158453006413765,0.008121066248153
"351",351,83,78,1.5788963411469,0.391826424980536,0.00805794227532871
"669",669,163,36,1.56365972827189,0.139330324251205,0.00795830577479347
"610",610,242,136,1.09418723033741,0.149200209416449,0.00792597386049534
"306",306,258,74,1.91609222255647,0.465060578775592,0.00774831938077269
"236",236,216,246,1.35054132132791,0.403376749018207,0.00767200155010968
"11",11,194,108,1.89100585319102,0.193281359504908,0.00761297287970276
"194",194,227,198,1.64303545281291,0.377982081146911,0.00755311404809479
"524",524,283,62,1.85906799556687,0.130945933051407,0.0074228124763315
"242",242,261,128,1.04721310292371,0.305140764801763,0.00736866477801669
"441",441,269,164,1.50493281404488,0.44097558176145,0.00726455224150074
"629",629,185,212,1.6248652942013,0.228207124164328,0.00723721509193158
"169",169,291,204,1.5749345801305,0.491267026634887,0.0069431008973945
"767",767,186,166,1.10402314621024,0.211394599638879,0.00692794221678354
"343",343,285,56,1.01386971701868,0.327215912868269,0.00689003419740302
"112",112,235,238,1.03489884291776,0.350052122375928,0.00656722664525398
"828",828,276,72,1.44234722526744,0.0458035473711789,0.00636438755679449
"217",217,245,250,1.30361097794957,0.418387331184931,0.00631873339994829
"756",756,260,16,1.02390024322085,0.218770764535293,0.00628501959287088
"438",438,147,270,1.28881546319462,0.0876303749391809,0.00627881299313195
"824",824,297,6,1.55012482544407,0.342561250785366,0.00614350259990186
"958",958,244,168,1.11842825240456,0.440519501455128,0.00608782237381063
"473",473,290,10,1.56790355569683,0.0760064764181152,0.00606149464326475
"75",75,101,80,1.27063534175977,0.438442326849326,0.00599281305507808
"534",534,163,94,1.74713813979179,0.316843623761088,0.00599023822161251
"208",208,148,112,1.54750914080068,0.0726179633056745,0.00583450551159299
"219",219,258,218,1.6799724039156,0.202271470217966,0.00561175641118509
"973",973,188,124,1.6118736078497,0.158198078046553,0.00554747895260191
"944",944,173,164,1.81117341085337,0.266847962746397,0.00546428644336602
"171",171,84,68,1.41904369462281,0.393208880792372,0.00535461373072834
"160",160,283,112,1.40122666070238,0.428855556761846,0.00529139714526247
"827",827,123,158,1.82724987249821,0.0377963349455968,0.00528062776462183
"949",949,161,154,1.69905059202574,0.194275984191336,0.00512719707815689
"998",998,289,134,1.43858693423681,0.264581599854864,0.00511659365726782
"744",744,298,82,1.42460306244902,0.397669974016026,0.00500004286987845
"798",798,107,156,1.48819470312446,0.152925687259994,0.00496827411176339
"664",664,136,126,1.57627495098859,0.0703006958356127,0.00496645158051328
"232",232,280,94,1.96442828793079,0.435874232556671,0.00495781681635811
"328",328,193,230,1.36947352252901,0.460594213334844,0.00493713288787352
"414",414,80,20,1.18423236208037,0.130778682301752,0.00493428584937478
"322",322,239,184,1.82967496197671,0.076554684783332,0.00487156335847167
"760",760,274,220,1.17771698278375,0.0419800595846027,0.0048472218293465
"268",268,232,286,1.93190100579523,0.248074571369216,0.00482047718160353
"570",570,150,270,1.9141456882935,0.44780870678369,0.00473316387543815
"6",6,56,26,1.80065504834056,0.235864635091275,0.00458034348348303
"787",787,216,264,1.24832356139086,0.151597470976412,0.00453304308892662
"624",624,266,266,1.48466152744368,0.149199836305343,0.00443304221305682
"271",271,195,166,1.48473397293128,0.202248509973288,0.00436225425508938
"931",931,272,214,1.12452131696045,0.0817884728312492,0.00432822438770487
"471",471,238,250,1.98045564815402,0.191773652797565,0.00428837649186037
"366",366,207,204,1.24414182989858,0.172425822471268,0.00428117675789724
"68",68,140,2,1.1435064454563,0.151592615759,0.00420156270939171
"301",301,287,224,1.13396788388491,0.460818922030739,0.00418079654049493
"600",600,158,154,1.87434841110371,0.435672132414766,0.00407552413465257
"321",321,284,188,1.00524661969393,0.383819999056868,0.0040648085344612
"262",262,256,180,1.22540317149833,0.455879841349088,0.00402814084649623
"332",332,300,118,1.23494400526397,0.163040851941332,0.00402663754207288
"952",952,222,228,1.51469333842397,0.46840570110362,0.00399688304734815
"202",202,175,108,1.05640197312459,0.426707362988964,0.00393430003701504
"917",917,121,60,1.10436134738848,0.455080765183084,0.00377749219904433
"890",890,152,298,1.29462161567062,0.380082811112516,0.00363720825891803
"177",177,72,14,1.9570245386567,0.0862084088148549,0.00362302679091905
"500",500,298,110,1.92701643705368,0.0530759358080104,0.00359065157206572
"472",472,271,236,1.99692634493113,0.101447868510149,0.00358938369476945
"593",593,229,16,1.09791623381898,0.468197127454914,0.00342605054007639
"626",626,292,214,1.06526391254738,0.10827249137219,0.00338731091857337
"170",170,113,140,1.93841282790527,0.469201226136647,0.00324823569077116
"148",148,287,170,1.1092923944816,0.439697840134613,0.00323664369570517
"151",151,55,40,1.50101579399779,0.458131896913983,0.00317319713496798
"135",135,168,26,1.73093968024477,0.38275703357067,0.0031062642855327
"427",427,294,58,1.05274470266886,0.245575845125131,0.0030483871649911
"380",380,87,144,1.77320376737043,0.217664594994858,0.00296369691865215
"695",695,253,244,1.4443057696335,0.444056217558682,0.00293020985481892
"263",263,280,182,1.84699768363498,0.0225996603257954,0.00285894706794947
"23",23,159,296,1.92857403680682,0.265894875396043,0.0028508580532999
"43",43,157,254,1.74749950040132,0.1630911011016,0.00281913707670273
"16",16,275,96,1.64387085242197,0.303028589114547,0.00281908297503874
"817",817,180,280,1.85880989395082,0.423030707286671,0.00279506093866514
"139",139,228,82,1.39436100865714,0.452429019380361,0.00278766822435848
"74",74,145,140,1.0312222444918,0.128794762422331,0.00276225546027267
"412",412,55,94,1.50090991426259,0.0839544686023146,0.00275033072288539
"156",156,157,208,1.9990396425128,0.465958915185183,0.00273309355505778
"243",243,152,80,1.81592936231755,0.125797498505563,0.0027313525414557
"622",622,158,110,1.52010971284471,0.38735499244649,0.00272845874929898
"932",932,270,144,1.00762905133888,0.0459951531374827,0.0026888042439861
"777",777,295,116,1.21246463316493,0.0432596562895924,0.00268793756917231
"352",352,115,214,1.35843265592121,0.125660245772451,0.00268351755041327
"407",407,179,198,1.40218652528711,0.447982863523066,0.00267758901304102
"257",257,102,194,1.62059058714658,0.269304627086967,0.00265622273812286
"87",87,129,220,1.39910006965511,0.383099988801405,0.00264830130298709
"997",997,182,142,1.88776378473267,0.144008179777302,0.00257918457305361
"252",252,117,38,1.23932885983959,0.0306083218893036,0.00257829605522435
"747",747,116,136,1.30248107248917,0.360430022119544,0.00256546925149949
"350",350,159,2,1.27636418608017,0.263787157367915,0.00255818917183787
"269",269,118,174,1.34283919679001,0.467074809945188,0.0025421029399751
"235",235,133,262,1.57950835721567,0.0651730400277302,0.00253649840276632
"153",153,262,156,1.42830114183016,0.166377592948265,0.00251399457571627
"308",308,162,276,1.63116289931349,0.234567820793018,0.00250818651399105
"749",749,94,114,1.59763123700395,0.158278326736763,0.00250378196882774
"684",684,193,260,1.50586516153999,0.0250063820276409,0.00250237917773303
"57",57,127,212,1.83324807696044,0.412526243017055,0.00248753020120137
"258",258,152,154,1.46246853307821,0.278363709920086,0.00242734310087777
"966",966,62,100,1.0448287401814,0.16745579871349,0.00241856711399041
"474",474,122,74,1.56244831159711,0.282439275295474,0.0024103572681317
"248",248,247,222,1.42081621685065,0.388006277033128,0.00233647046308871
"549",549,82,132,1.55146064516157,0.312747122487053,0.00230543850073635
"759",759,154,80,1.9691179448273,0.239235019194894,0.00229251784190151
"58",58,260,106,1.28395616682246,0.0323384292423725,0.00229092793548629
"429",429,235,206,1.78019024734385,0.196774670272134,0.00228793168365912
"320",320,247,50,1.63070816243999,0.341080033103935,0.00223962645230105
"286",286,263,212,1.29752002679743,0.0951869130367413,0.00223669673735094
"950",950,206,280,1.13200575602241,0.486837214324623,0.00222498643568567
"788",788,276,106,1.82052960852161,0.454850642476231,0.00219613563955721
"934",934,280,238,1.35275184875354,0.156865638447925,0.00219022430638277
"956",956,129,210,1.46421874989755,0.325441139983013,0.00218724752796574
"378",378,186,140,1.83284185640514,0.260170888155699,0.00217673765502882
"901",901,284,230,1.35178442811593,0.168498956016265,0.00216991843321411
"108",108,107,146,1.29531056620181,0.204511994961649,0.00216026515749069
"623",623,251,4,1.06864454667084,0.215027860831469,0.0021366681768492
"532",532,147,162,1.24892435525544,0.307725773658603,0.00213657129658844
"266",266,33,36,1.68872195016593,0.0238129120552912,0.00210788819319381
"840",840,246,206,1.51734293159097,0.171049055759795,0.00206218923751456
"389",389,116,104,1.18211631360464,0.280558707658201,0.00202546195134622
"531",531,187,238,1.86701003578492,0.396401816280559,0.00201822396529536
"307",307,131,248,1.25707824970596,0.0505297456402332,0.00201408235539883
"475",475,296,54,1.45667047100142,0.263633742113598,0.00199793120740176
"172",172,184,122,1.92124581779353,0.319587144884281,0.0019979078863065
"568",568,135,26,1.42796332016587,0.307361955405213,0.00197081950663059
"53",53,193,252,1.10334153030999,0.364867891417816,0.00196370478997166
"785",785,212,122,1.81732383137569,0.267660886980593,0.00195908698893235
"731",731,279,242,1.46728975977749,0.273622494307347,0.00192786880622135
"860",860,235,240,1.82480470789596,0.34976483869832,0.00192685953705086
"294",294,83,16,1.84671112289652,0.358884701505303,0.0019113088232716
"290",290,264,96,1.42021997855045,0.433424625312909,0.0018987259400142
"20",20,187,110,1.5927251027897,0.147526490967721,0.00189728299763809
"790",790,280,212,1.22426358261146,0.114440180244856,0.00188818404989019
"227",227,260,300,1.73235711897723,0.0755773728014901,0.0018342099321018
"877",877,163,204,1.24228111468256,0.307549471734092,0.00180345389449441
"489",489,180,196,1.11458240449429,0.138643231941387,0.00178747780886736
"510",510,194,168,1.86927638668567,0.31765781075228,0.00176752240583035
"79",79,210,268,1.88830467546359,0.274822994484566,0.00175765190624138
"925",925,286,144,1.68683479330502,0.0401427519973367,0.00175717530940819
"738",738,232,128,1.91653433907777,0.356627363478765,0.00175692452324868
"718",718,243,158,1.88003204483539,0.345077904057689,0.00175285702524721
"837",837,184,240,1.3709198362194,0.344653869862668,0.00174649696980832
"88",88,197,202,1.70909379026853,0.269460839452222,0.00171656472172297
"103",103,94,112,1.7629487963859,0.295050769578665,0.00169631810068505
"628",628,164,220,1.63434551656246,0.187860656529665,0.00169308055041693
"546",546,230,22,1.38739171950147,0.434606520575471,0.00169017970602581
"639",639,213,26,1.82230274309404,0.0767563182162121,0.00167324245702006
"734",734,264,246,1.57211125059985,0.264461619779468,0.00167123628189582
"70",70,238,196,1.74389454070479,0.445436847629026,0.00165285708673374
"316",316,114,166,1.9401682568714,0.0953484030906111,0.00163994115483292
"713",713,238,222,1.97317038779147,0.146975179784931,0.00163825083310387
"382",382,221,292,1.60815474297851,0.487418155185878,0.0016233334997237
"245",245,93,150,1.1207069538068,0.359933295636438,0.00158215814703544
"642",642,140,212,1.25662211934105,0.385820779716596,0.00158047621156044
"859",859,147,270,1.96662173047662,0.0323209246853366,0.00157260070478057
"815",815,186,156,1.52913121995516,0.189165120129474,0.00156689506524173
"495",495,208,294,1.66278541111387,0.14303178829141,0.00155182205608412
"451",451,288,262,1.66541291633621,0.251567835570313,0.00154488858756508
"603",603,131,162,1.47756830579601,0.449165484169498,0.00149531088269409
"689",689,223,208,1.63645246182568,0.0534474618034437,0.0014907586974386
"899",899,269,172,1.76494764140807,0.0975421462208033,0.00148497828881882
"213",213,115,152,1.4589978705626,0.0437772307777777,0.00147580742028746
"347",347,164,252,1.78015726897866,0.417974897311069,0.00146198397090464
"981",981,178,186,1.44570443080738,0.396990367560647,0.0014594844767653
"97",97,231,38,1.38811254454777,0.144431702094153,0.00145657542556903
"409",409,244,126,1.44656204152852,0.376675486331806,0.00145423803307897
"490",490,275,126,1.92932321480475,0.465840755263343,0.00145394815193349
"56",56,110,118,1.75700505287386,0.451243505231105,0.00144820967666808
"591",591,186,138,1.24569416209124,0.181120723369531,0.00141856172885158
"432",432,185,98,1.64888361631893,0.2681877494324,0.00140223158231352
"830",830,227,300,1.6416117856279,0.182226515258662,0.00139700320175446
"638",638,89,34,1.05177124543115,0.268525091698393,0.00139481842907236
"516",516,223,212,1.5517942502629,0.109163342276588,0.00139365223095437
"562",562,133,130,1.57386212260462,0.104889825452119,0.00138216872020679
"324",324,163,208,1.54200236289762,0.498978706891648,0.00137342854231512
"413",413,94,162,1.24956667702645,0.318117777118459,0.00137167673909863
"470",470,172,246,1.11358658690006,0.322942079044878,0.00136620073504205
"55",55,94,6,1.15899015730247,0.132605335442349,0.00135013070083465
"543",543,292,166,1.24173483531922,0.19239710981492,0.00133838019838139
"85",85,285,202,1.09776320192032,0.00145606568548828,0.00131317839288907
"357",357,173,74,1.9363168773707,0.088457333506085,0.00129108415098722
"419",419,211,270,1.69785089441575,0.0143635621061549,0.00128701066681527
"383",383,245,210,1.99370042979717,0.337606758461334,0.00128065185842942
"204",204,269,216,1.57963923946954,0.293351415893994,0.00128061682909512
"142",142,283,298,1.06829624297097,0.00959031062666327,0.00126467202826244
"147",147,214,14,1.70498041366227,0.186265122145414,0.00124537909678783
"311",311,179,32,1.69740110496059,0.405007067020051,0.00123346712060474
"337",337,120,238,1.33736840821803,0.406658282969147,0.00122434348066205
"873",873,236,262,1.60662044445053,0.140813987003639,0.00121572200997454
"494",494,194,186,1.68346986174583,0.0806417212588713,0.00120084508569189
"364",364,293,206,1.31476384913549,0.00754026626236737,0.00119492480393664
"255",255,145,232,1.39064231677912,0.126117469510064,0.00119485794418874
"502",502,226,194,1.49846115196124,0.362471222528256,0.00117813242421864
"754",754,193,78,1.85551886819303,0.218703041085973,0.00117135351656795
"62",62,293,238,1.34562423708849,0.390845220070332,0.00116850842075169
"50",50,163,234,1.82474393909797,0.250191177241504,0.00116743118707919
"281",281,290,64,1.25285436864942,0.254162125405855,0.00116180724199938
"440",440,232,22,1.29315629438497,0.00964166352059692,0.00115249918052985
"387",387,106,170,1.01750471326523,0.370817743940279,0.00115213916342934
"544",544,274,276,1.59359189169481,0.308733621961437,0.00115181149930424
"167",167,175,108,1.74722789297812,0.151284977444448,0.00114677216074039
"929",929,152,104,1.66328682284802,0.468139881966636,0.00114585557916872
"688",688,199,100,1.14791351743042,0.382711803074926,0.00113892427266237
"683",683,195,250,1.04638348799199,0.00298088963609189,0.00113728412514075
"566",566,189,182,1.96147494693287,0.375621542450972,0.00112655280473116
"575",575,256,120,1.58526096749119,0.146705843158998,0.00112647610216684
"693",693,180,188,1.26615757960826,0.434103235136718,0.00112450651607596
"783",783,204,256,1.46820021653548,0.401195878628641,0.00112347552896307
"858",858,103,58,1.93893340672366,0.101453962503001,0.0011102195757356
"91",91,241,184,1.59938002959825,0.0858224763069302,0.00109619697533935
"179",179,127,94,1.3534144430887,0.267478377791122,0.00108765458803098
"200",200,228,202,1.72943795262836,0.385807408601977,0.00108746864574917
"975",975,108,118,1.59913496114314,0.0361739727668464,0.00108469223441799
"961",961,277,238,1.73620791453868,0.367311721085571,0.00107145705340416
"176",176,183,188,1.54984131711535,0.0604097943287343,0.00106911817121049
"530",530,205,58,1.62144696712494,0.292002163478173,0.00106540374211489
"655",655,269,92,1.27525156945921,0.0490192198194563,0.00106383718109507
"550",550,156,104,1.77008491568267,0.0109492304036394,0.00105920876101849
"621",621,285,276,1.07026841980405,0.0564224347472191,0.00105285497468627
"675",675,104,110,1.08995507191867,0.173691596603021,0.00104934254261031
"411",411,114,2,1.62881927285343,0.401893369853497,0.0010438331179105
"96",96,112,44,1.74556734133512,0.24746843171306,0.00103950329002833
"648",648,108,74,1.1040499699302,0.0412590644555166,0.00103499591740675
"523",523,284,286,1.58686968823895,0.239830184727907,0.00101997047367383
"930",930,233,154,1.43335105851293,0.45136808801908,0.0010130125797079
"164",164,218,178,1.30951011367142,0.230866810190491,0.00100471724747639
"806",806,194,42,1.90748594747856,0.186506542959251,0.00100210058889405
"752",752,284,148,1.32241338538006,0.0428526026662439,0.00100184957159912
"662",662,265,134,1.67209766246378,0.189499941072427,0.000999749704199079
"634",634,246,88,1.93011716846377,0.0139703385066241,0.000984297453760118
"753",753,275,254,1.51364344381727,0.163933938019909,0.000978650526402127
"340",340,266,190,1.96136161033064,0.170919258496724,0.000975051601592925
"373",373,86,160,1.16398264910094,0.348493829718791,0.000973142775757695
"563",563,109,164,1.1907535570208,0.272001530276611,0.000969604071107514
"660",660,284,274,1.36643164302222,0.259766295785084,0.00096753733087326
"797",797,278,202,1.82689951383509,0.464646360604092,0.000965103173027601
"696",696,211,298,1.36580928252079,0.0391731881536543,0.000964373744749501
"67",67,125,156,1.24535684054717,0.161656177719124,0.000960038663984777
"537",537,159,88,1.14897587802261,0.423407722497359,0.000959771387586238
"632",632,280,260,1.10670454567298,0.0829725373769179,0.000959359449738723
"970",970,270,202,1.91215486335568,0.350825120112859,0.000953988450644778
"221",221,200,106,1.61798411188647,0.16790005157236,0.000951171766811916
"265",265,282,20,1.49516899744049,0.249521477846429,0.000941074799999952
"426",426,244,96,1.96982995630242,0.469022770761512,0.000939280312364844
"812",812,269,184,1.69622384128161,0.0441838728729635,0.00093889463260161
"3",3,238,254,1.81910448451526,0.125147677841596,0.000925027216172225
"128",128,180,42,1.37527791922912,0.372823905199766,0.000922869973311132
"18",18,288,282,1.03231143718585,0.412433977122419,0.000913926524200295
"437",437,162,300,1.80712796025909,0.317203915095888,0.000912490332037182
"40",40,299,228,1.71681152819656,0.344579308992252,0.000910647681551077
"847",847,257,100,1.7723275211174,0.299947414081544,0.000906545755032991
"926",926,142,166,1.42903826432303,0.254204493830912,0.000903934646935711
"585",585,290,54,1.73735560895875,0.362402372993529,0.000902683066231692
"113",113,100,134,1.47111219516955,0.276863220147789,0.000900767806254617
"241",241,142,220,1.76942224055529,0.416535244672559,0.000886266211413812
"493",493,125,206,1.20640566223301,0.490134225925431,0.000882984351346706
"327",327,211,126,1.56697176350281,0.191315849428065,0.000874407311459686
"104",104,254,272,1.43512618984096,0.410472906311043,0.000873517845753977
"654",654,291,232,1.11779891490005,0.412652974016964,0.000871272739657622
"168",168,291,220,1.13336198148318,0.245435496908613,0.000870658475639185
"750",750,216,142,1.60192390857264,0.0082536501577124,0.000865013389880994
"129",129,252,170,1.32974595716223,0.495054029393941,0.000863482379874681
"690",690,276,224,1.32952971383929,0.0852531839627773,0.000859048697081024
"606",606,245,286,1.08660945016891,0.234877297538333,0.000853882099858769
"386",386,289,266,1.32384593691677,0.00426771398633718,0.000851735931632736
"608",608,171,270,1.02176613500342,0.47424937330652,0.000851374875225748
"226",226,30,56,1.87630184926093,0.284751387545839,0.00084657089006845
"408",408,246,214,1.57840147474781,0.200091077480465,0.00084655479646199
"525",525,266,164,1.85837919823825,0.43813108431641,0.000844711933602048
"791",791,226,202,1.96308304974809,0.1523538895417,0.0008361206669808
"614",614,261,112,1.27832830045372,0.468809783807956,0.000835805170057832
"239",239,215,26,1.34625292685814,0.423079004394822,0.000831254068380006
"403",403,182,204,1.48076241207309,0.146619329461828,0.000825308246369358
"880",880,144,118,1.69481055787764,0.418438435415737,0.000822433202679999
"90",90,279,262,1.83642773819156,0.468478686874732,0.000822184896167631
"776",776,278,282,1.55215137824416,0.436718652257696,0.000818869995758568
"25",25,204,262,1.25904081203043,0.346614824724384,0.000800073130869983
"478",478,263,272,1.69288649805821,0.143298978451639,0.000798848036527506
"679",679,154,78,1.22018263535574,0.438741484074853,0.000798008136390849
"987",987,171,98,1.3424761928618,0.462382636149414,0.000795043071428179
"19",19,121,170,1.08604771853425,0.313828521990217,0.000789682228448502
"305",305,227,122,1.05651686782949,0.103790664114058,0.000788009257965291
"460",460,266,270,1.37430074228905,0.17089227004908,0.00078781778998494
"676",676,49,34,1.14165977016091,0.157922961632721,0.000785475639482701
"233",233,131,88,1.01774149644189,0.0182795285945758,0.000779160789983162
"588",588,280,12,1.23556283931248,0.159237379324622,0.000774849233544977
"802",802,119,200,1.19467739365064,0.0378800727194175,0.000766476795152755
"907",907,162,226,1.17579669458792,0.057037066668272,0.000765352925347143
"154",154,224,276,1.49317953386344,0.454203492146917,0.000763679710653124
"115",115,119,20,1.74955936637707,0.368318153196014,0.000753453454555218
"435",435,194,180,1.60640383325517,0.239259795867838,0.000741691307512151
"60",60,257,106,1.88812201912515,0.354659674689174,0.000740548683971952
"590",590,230,224,1.06046178820543,0.102489578886889,0.000732382376643872
"668",668,275,264,1.57338914251886,0.254903777502477,0.000728446146395104
"157",157,293,122,1.50114743411541,0.335979438386858,0.000720618441713097
"165",165,276,280,1.04595764447004,0.31946767156478,0.000704052306299185
"504",504,171,74,1.11596689722501,0.372945990995504,0.000700917435409694
"398",398,265,148,1.39639242738485,0.0734879932133481,0.000693107312018226
"405",405,164,156,1.58151625283062,0.102298218407668,0.00067799197784094
"736",736,216,170,1.5031876123976,0.174120261915959,0.000673006596012071
"76",76,297,22,1.37509743636474,0.144589122268371,0.000669829037294862
"146",146,186,284,1.12096535321325,0.191210957942531,0.000669606160520473
"285",285,232,162,1.8037494525779,0.265210983809084,0.00065437377151338
"775",775,192,4,1.27265722746961,0.462958156131208,0.000635354045445159
"424",424,267,82,1.57253770995885,0.0761197254760191,0.00063101215179634
"601",601,189,64,1.88639738899656,0.231259445776232,0.00062990256382009
"964",964,228,272,1.29984301538207,0.274888306972571,0.000610679360874958
"159",159,201,192,1.4749877715949,0.480903935385868,0.000609586871511801
"864",864,234,60,1.98652597749606,0.0673018413363025,0.000599296982042913
"273",273,295,86,1.98084818408825,0.357911219005473,0.000597771836417952
"37",37,134,216,1.72509050951339,0.275147899752483,0.000597236214555649
"401",401,149,104,1.7320452646818,0.347371779265814,0.000585210302642347
"461",461,248,104,1.87277691997588,0.499536020332016,0.000575325324368162
"848",848,175,288,1.87057066196576,0.458990986691788,0.000574190092963369
"779",779,98,194,1.95687983836979,0.150865493225865,0.000567115864400283
"727",727,126,130,1.18039318011142,0.148342403117567,0.000565215687071351
"209",209,269,68,1.13891090662219,0.362540661823004,0.000561313326101728
"505",505,246,140,1.00965156056918,0.305866668000817,0.000557856133203408
"229",229,156,134,1.0905726577621,0.180406471830793,0.000555439230707917
"521",521,210,272,1.16787776607089,0.148807928315364,0.000552735654868592
"238",238,171,204,1.16871526208706,0.144694180460647,0.000548688246456073
"617",617,119,44,1.32122158212587,0.270146792754531,0.000545391371901161
"592",592,138,36,1.16915737721138,0.125388521584682,0.000541667902537257
"985",985,145,272,1.64490948617458,0.390690025873482,0.000540543073396917
"656",656,198,246,1.31569381128065,0.0685140561545268,0.000535121625610934
"15",15,207,30,1.61005400842987,0.426607647095807,0.000533949812453197
"904",904,209,12,1.64525472163223,0.420594459865242,0.000533694100638965
"765",765,271,286,1.29183834302239,0.440956624806859,0.000531239866446519
"317",317,218,254,1.00024498603307,0.147997049265541,0.000520900747081878
"854",854,175,140,1.87487651198171,0.0416307799750939,0.000515175873323809
"868",868,130,218,1.30018711998127,0.0205561519833282,0.000515016352052831
"61",61,166,288,1.9826379311271,0.302629802259617,0.000513078572570746
"397",397,300,152,1.1483932021074,0.340871577616781,0.000512317137121772
"141",141,258,188,1.29818192706443,0.393020469811745,0.000504733615981693
"299",299,269,16,1.43593501159921,0.0456277888733894,0.000504337094082333
"216",216,114,204,1.83171316655353,0.193242955720052,0.000502525529863082
"512",512,146,254,1.45013329247013,0.424314805306494,0.000494921240633165
"368",368,286,64,1.39692299556918,0.19238929671701,0.000491384802347952
"133",133,217,296,1.11166239855811,0.0402106265537441,0.000490355616771915
"98",98,269,268,1.6403471454978,0.211745258769952,0.000486719431475115
"501",501,191,262,1.57771608233452,0.019913149997592,0.00048461170131605
"909",909,294,174,1.18775654421188,0.478047923650593,0.000478764725999455
"8",8,127,82,1.42000099038705,0.137055200641043,0.000478425158880923
"714",714,196,24,1.53263922827318,0.145408186130226,0.0004762485673663
"463",463,63,94,1.70790692395531,0.196136893820949,0.000476019062412725
"968",968,112,152,1.65496230986901,0.296744645340368,0.000475212198455923
"331",331,280,24,1.01350431935862,0.410157369682565,0.000474643177589802
"228",228,227,32,1.08082243148237,0.4275288709905,0.000473692394425024
"878",878,266,130,1.95881978934631,0.482943184208125,0.000472943376792157
"887",887,157,118,1.89303453918546,0.419297272805125,0.000468990498097416
"319",319,145,122,1.55030183610506,0.459894264349714,0.000468619441670173
"814",814,241,32,1.04208580357954,0.25890499947127,0.000466697865022693
"768",768,170,190,1.8519833276514,0.246593164280057,0.000466679980048981
"835",835,144,232,1.27532381378114,0.137907547759824,0.000465447589330614
"158",158,94,112,1.91524393158033,0.457418283680454,0.000465201353429487
"2",2,149,50,1.43354560644366,0.228391752811149,0.000458200408698758
"277",277,287,258,1.48077829740942,0.287495702272281,0.000456224577056932
"781",781,130,86,1.35380668775178,0.264079662272707,0.000454857914277807
"971",971,136,72,1.49809079198167,0.473537804558873,0.000447561819042135
"556",556,258,12,1.20314040547237,0.421004828182049,0.000447359555258368
"415",415,232,276,1.33461761078797,0.275311997509561,0.000442687374629272
"565",565,127,234,1.09292986756191,0.344538709730841,0.00044139970793657
"143",143,297,148,1.26395550696179,0.0952751311706379,0.000439304157542339
"996",996,161,210,1.85339523130096,0.450923060532659,0.000435884982408739
"816",816,259,98,1.04266886133701,0.0498219149885699,0.000435244196426348
"921",921,284,98,1.48584587825462,0.218557161279023,0.000432421992361651
"737",737,160,282,1.35770697589032,0.36114029714372,0.000431136367249205
"278",278,189,112,1.16785610141233,0.417435701936483,0.000427890255481094
"506",506,244,296,1.55027990508825,0.283073139493354,0.000422964500942159
"716",716,102,114,1.71085839439183,0.303060208796524,0.000422695465533296
"763",763,113,172,1.17355767893605,0.428082857164554,0.000415977735717301
"805",805,152,286,1.91303538298234,0.491255497094244,0.000410853850491873
"329",329,243,38,1.28068902320229,0.194858016679063,0.000403889149656585
"121",121,290,160,1.79577956860885,0.358537107473239,0.000394730514453158
"84",84,227,188,1.01093441876583,0.402828049031086,0.000382560183535012
"137",137,206,118,1.13640307635069,0.0368448669323698,0.000382320426639019
"852",852,206,160,1.57482252805494,0.0855745510198176,0.000376931705605022
"743",743,198,62,1.93143465160392,0.0182665312895551,0.000374987206941261
"94",94,207,24,1.97014960553497,0.21408350893762,0.000374927822705589
"919",919,208,226,1.45784816122614,0.082349015516229,0.000370634122697852
"434",434,228,78,1.76240307721309,0.172451546066441,0.000369106172815078
"117",117,260,52,1.5919735445641,0.33853821689263,0.000369098202833143
"888",888,191,42,1.4482859976124,0.347026333794929,0.000364435658451539
"4",4,228,68,1.36163188400678,0.258409637375735,0.000364114039422008
"947",947,250,214,1.6376899771858,0.281546959187835,0.000353990585147765
"809",809,257,86,1.89783463464119,0.159373950213194,0.000352877405038773
"396",396,278,82,1.71687209419906,0.0986943753669038,0.000352158439657939
"287",287,298,286,1.96910255262628,0.282562945387326,0.000351756733100158
"314",314,256,218,1.40588297857903,0.242420928319916,0.000351172028020006
"388",388,237,2,1.37052170676179,0.48695523024071,0.000349450341066887
"206",206,119,210,1.31783620151691,0.141672237077728,0.000348303674701201
"218",218,109,96,1.68894192017615,0.139716322766617,0.000346053378347596
"697",697,88,152,1.22366691892967,0.0999088891549036,0.000345971310993796
"38",38,194,294,1.00930372672155,0.34222222934477,0.000341650829934235
"507",507,88,148,1.79710368742235,0.294375522644259,0.000336937882349001
"9",9,288,30,1.25110216950998,0.341242832946591,0.000334062302966171
"702",702,133,10,1.73609250830486,0.487218322348781,0.000332947309498707
"223",223,240,88,1.21986045525409,0.190642824512906,0.000331094331531078
"390",390,235,154,1.38652699464001,0.00477276695892215,0.000321395821012859
"666",666,261,168,1.2059483085759,0.146927911555395,0.000320539573494982
"325",325,173,170,1.00037790811621,0.0777272696141154,0.000319285516650178
"627",627,49,86,1.49687046068721,0.0871738373534754,0.00031439361742413
"844",844,264,18,1.21663906029426,0.464209181838669,0.000311807906433997
"541",541,280,238,1.68538784561679,0.334926319192164,0.000307887479846864
"394",394,172,20,1.83391108573414,0.290593100944534,0.000306672304291845
"733",733,79,78,1.54691324010491,0.0845917832339182,0.000299359268330482
"673",673,198,286,1.52419189014472,0.133813396794721,0.000296390851285743
"185",185,229,34,1.45434619742446,0.357912207837217,0.000294365341492964
"851",851,171,4,1.76507917814888,0.102635178365745,0.000292608891402606
"923",923,201,110,1.36190901976079,0.317099282285199,0.000291649589564308
"222",222,269,72,1.87955400464125,0.372359162545763,0.000290878685823202
"48",48,82,162,1.87373130396008,0.152062759618275,0.000289254976186531
"729",729,218,128,1.07686276244931,0.195760951726697,0.000288490352539876
"576",576,165,114,1.89884301554412,0.44967389642261,0.000288395526630728
"49",49,254,290,1.89631328661926,0.419979000231251,0.000287076423503662
"192",192,195,158,1.593423507642,0.237002970417961,0.000286962275336206
"302",302,169,270,1.93020404898562,0.11151305725798,0.000284878984163157
"602",602,126,128,1.92246281937696,0.385843793046661,0.000276538445566553
"31",31,277,236,1.58983164746314,0.0227064902428538,0.000273727969895338
"905",905,255,250,1.58419921412133,0.312553300289437,0.000273325509283173
"203",203,173,114,1.77855593920685,0.267014356795698,0.000272060991299335
"481",481,225,290,1.99885378801264,0.243530236417428,0.000271502526153478
"643",643,279,152,1.24670811183751,0.112712836940773,0.000270725032173612
"492",492,90,132,1.88135229400359,0.327288021566346,0.000266282685188969
"244",244,50,50,1.67159439134412,0.363378732348792,0.000263949399859142
"225",225,65,82,1.75201351288706,0.261193834594451,0.000262836381464913
"288",288,233,78,1.42603667126969,0.355464868014678,0.000258058530165291
"838",838,289,178,1.35801863344386,0.376948451506905,0.000257181695252719
"540",540,167,20,1.75933736632578,0.340633020736277,0.000255106237659623
"694",694,96,2,1.22530494257808,0.0644741500727832,0.000254238212562607
"448",448,131,154,1.04399658227339,0.272210686467588,0.000252832514159352
"191",191,181,186,1.97738933633082,0.242333357804455,0.000250467323357375
"83",83,167,250,1.70143040479161,0.251743668457493,0.000248731915323342
"250",250,174,190,1.53532557492144,0.28095526911784,0.000248219561711189
"707",707,219,2,1.49192289495841,0.0119972127722576,0.000248167606348793
"433",433,135,82,1.73670890228823,0.122686159098521,0.000246030304699798
"199",199,280,46,1.0609649696853,0.329939996008761,0.000245496317854392
"416",416,287,108,1.11309916712344,0.188423672225326,0.000243929525517735
"653",653,40,22,1.4991406542249,0.079698653658852,0.000242469810604394
"477",477,204,298,1.2167733090464,0.185175264719874,0.000239554528053569
"545",545,67,34,1.12875544745475,0.353293390828185,0.000237803283888454
"77",77,39,64,1.59820043318905,0.423357356456108,0.000236389268235863
"856",856,203,64,1.15006993338466,0.408784992643632,0.000235919104275801
"291",291,255,256,1.47303314157762,0.00357685273047537,0.000231259391926977
"256",256,243,10,1.73125529661775,0.473775861551985,0.000230928955904282
"283",283,300,36,1.9623524507042,0.356829837313853,0.000226898803367411
"17",17,76,150,1.10712893912569,0.346695393556729,0.000226113577575913
"913",913,218,62,1.70732821454294,0.261781917884946,0.000224220945406131
"330",330,208,98,1.88348195073195,0.0564832729287446,0.000222630094408384
"361",361,164,154,1.42043817206286,0.0712254467653111,0.000218673324344823
"26",26,300,40,1.52781007997692,0.0827935973647982,0.000218105652867279
"872",872,293,16,1.61068756692111,0.378306126105599,0.000217830554646149
"766",766,207,56,1.13312747492455,0.127434133552015,0.000215459397349462
"845",845,200,164,1.4331028254237,0.0614414232550189,0.000214614901308858
"757",757,137,88,1.80967134004459,0.432975918869488,0.000214448145354827
"436",436,205,60,1.87224242486991,0.215549977030605,0.000213773033844427
"59",59,147,194,1.58526033395901,0.198630528175272,0.00021032848100229
"33",33,130,102,1.19604746811092,0.214642184088007,0.000210326583805803
"421",421,146,170,1.82218763534911,0.131804044824094,0.000210028212655961
"81",81,145,140,1.61901463731192,0.434617116930895,0.0002081009882422
"240",240,214,104,1.51522258017212,0.215143015258946,0.000207765446761586
"891",891,91,130,1.75445669516921,0.356023593223654,0.000206474771117532
"237",237,209,184,1.96125658997335,0.0447857740800828,0.000205700388583146
"928",928,120,172,1.79433635668829,0.468664506101049,0.000203765122917555
"454",454,59,104,1.29072196641937,0.353879543952644,0.000200443431252489
"354",354,53,78,1.41084261471406,0.466975055169314,0.000198046737704725
"515",515,183,94,1.80515303113498,0.337844678084366,0.000196045006331067
"1000",1000,243,234,1.84881830587983,0.167649073759094,0.000194541333107427
"609",609,35,66,1.38028605747968,0.313325938535854,0.000194334123563911
"391",391,244,96,1.04407090833411,0.0845274663297459,0.000194133906801091
"976",976,145,186,1.01960123609751,0.130845163483173,0.000193483183506575
"630",630,268,98,1.58897766587324,0.276429739082232,0.000190824229161448
"12",12,172,258,1.66481378418393,0.171220029471442,0.000189289368476106
"678",678,176,184,1.06651456421241,0.36899975920096,0.000188824528360908
"658",658,268,52,1.76279409183189,0.12070802168455,0.000187364796552244
"64",64,201,60,1.54742123768665,0.0248626234242693,0.000185925506049281
"804",804,147,74,1.61089997063391,0.409172077081166,0.000184157269388612
"309",309,230,270,1.16939700976945,0.201311961282045,0.000182876388645609
"116",116,238,74,1.63069666479714,0.192693988094106,0.000179976182247119
"652",652,195,72,1.25387248792686,0.174111805506982,0.000179353351949891
"439",439,204,222,1.56887970445678,0.141814721631818,0.000178779068003247
"792",792,94,56,1.62432596646249,0.1756473982241,0.000177255082460693
"820",820,286,134,1.15408351155929,0.253567407024093,0.000177069771502136
"910",910,136,112,1.75569566781633,0.0667014863574877,0.00017589401679693
"535",535,278,76,1.08123015309684,0.331232849392109,0.000173184002954643
"181",181,233,92,1.20584942912683,0.227493918151595,0.000173167298818428
"365",365,234,278,1.38533479021862,0.31602003169246,0.000170422738289628
"517",517,181,160,1.35313694784418,0.14128571934998,0.000169748691752619
"464",464,220,152,1.3554100850597,0.198809835244901,0.000169052075604938
"479",479,94,126,1.2008067490533,0.431438952451572,0.000168585330973698
"916",916,263,126,1.1032351818867,0.342974444967695,0.000168310730523406
"297",297,280,144,1.34886717563495,0.181630417355336,0.000167710815657554
"295",295,68,28,1.44672191957943,0.463662101537921,0.00016730698471137
"915",915,243,92,1.09788747807033,0.292327850242145,0.000167250216800545
"902",902,95,168,1.57970947260037,0.100721660070121,0.000165798466883554
"789",789,294,138,1.9649477112107,0.122514460235834,0.000164634550590389
"712",712,139,98,1.00029718363658,0.432941679027863,0.000163804537821227
"885",885,180,112,1.30783405015245,0.380415627849288,0.000158868802155911
"557",557,139,198,1.95159392035566,0.25271074695047,0.000158701117737657
"995",995,188,248,1.54107361962087,0.394336915924214,0.000156908499148122
"548",548,83,58,1.64335722848773,0.444712079362944,0.000152257452449709
"611",611,260,288,1.02210616623051,0.168630529544316,0.000149384815137629
"993",993,283,48,1.03054371499456,0.418494402780198,0.000149317063992646
"131",131,134,34,1.79095924994908,0.417607476818375,0.000147520807445558
"101",101,138,62,1.23476760508493,0.173957225284539,0.000147380726035896
"761",761,181,258,1.81871578935534,0.386541055282578,0.000144644405617894
"126",126,193,120,1.16268804762512,0.273542746668682,0.000143828781223955
"551",551,145,176,1.95264130760916,0.247315418440849,0.000141904604778654
"345",345,216,140,1.11672640172765,0.490110895014368,0.000140378866512711
"355",355,73,90,1.23946533142589,0.278589933062904,0.000138952215084608
"598",598,110,56,1.6052196228411,0.411420507240109,0.000138745102080354
"484",484,290,166,1.70972352055833,0.362567154807039,0.000137797334501702
"488",488,82,12,1.79723451239988,0.386852267663926,0.000136340360352169
"704",704,135,200,1.21423646993935,0.335271618212573,0.000132498297544527
"554",554,175,98,1.0637445950415,0.223540020757355,0.000132235043163254
"933",933,179,178,1.71462678536773,0.394057410303503,0.000130204330655487
"155",155,289,208,1.21783830597997,0.038314416189678,0.000126471339723852
"567",567,162,20,1.95445765601471,0.111921234056354,0.000123729512295076
"442",442,274,32,1.54406993021257,0.273978827754036,0.00012093484927809
"842",842,287,90,1.94082888239063,0.486241883947514,0.000120859172169236
"503",503,166,128,1.1726415657904,0.222558129928075,0.000120628999175135
"118",118,247,16,1.98638226580806,0.499046592856757,0.000120464225604326
"829",829,178,92,1.82342435675673,0.404408304137178,0.000119765434439348
"685",685,209,50,1.80095544294454,0.199913560296409,0.000119227456791524
"884",884,267,134,1.29481768747792,0.0557713615708053,0.00011700422165803
"184",184,259,134,1.6844241595827,0.344955735141411,0.000116841884046145
"558",558,219,202,1.64912454015575,0.422333033406176,0.000116537947590958
"198",198,230,26,1.16219254792668,0.336855963105336,0.000116137876197735
"195",195,229,224,1.20750235323794,0.0837251404300332,0.000114966398757119
"946",946,226,214,1.64231989183463,0.0739863953785971,0.000112816448416331
"552",552,275,230,1.51901713362895,0.184160396573134,0.000111822303870286
"954",954,263,152,1.72705953940749,0.195548234274611,0.000111342397218747
"367",367,207,50,1.21040260675363,0.047619171324186,0.000109212205345504
"589",589,64,40,1.82646119990386,0.340411935001612,0.00010692685170427
"953",953,283,258,1.42062611621805,0.229864380089566,0.000105721369891816
"190",190,95,90,1.12920750351623,0.329465241753496,0.000104743290232297
"863",863,147,40,1.46944901719689,0.238680364214815,0.000102676258768757
"774",774,178,74,1.17959779081866,0.398168505751528,0.000100959803100982
"300",300,115,188,1.93762036552653,0.014102885266766,0.000100848751771127
"571",571,101,156,1.16899709426798,0.21242548187729,0.000100621642074916
"111",111,262,82,1.88285210193135,0.129331608419307,9.966859624858e-05
"616",616,163,240,1.6228550854139,0.275374526972882,9.9172434606481e-05
"723",723,197,120,1.75227056979202,0.117244800901972,9.80333011557764e-05
"994",994,154,156,1.00388192175888,0.49537844711449,9.76155988675075e-05
"870",870,209,10,1.58179678954184,0.278749453253113,9.61363847226306e-05
"326",326,97,30,1.12606904073618,0.484104354283772,9.54532488566769e-05
"881",881,284,6,1.99287094315514,0.296777706826106,9.4937539694198e-05
"526",526,176,160,1.21982605266385,0.215815579867922,9.45947548589157e-05
"758",758,148,22,1.20741628250107,0.00673464813735336,9.37253001518111e-05
"276",276,187,228,1.31358263385482,0.271124779712409,9.02165340073296e-05
"989",989,150,6,1.77484007179737,0.378768808906898,9.00034767147687e-05
"625",625,267,282,1.91176344780251,0.494127934332937,8.93602101179175e-05
"893",893,76,40,1.07574007264338,0.0896692818496376,8.89563370725429e-05
"938",938,162,196,1.62056656880304,0.432808334473521,8.71305920428371e-05
"983",983,97,176,1.1504677364137,0.481456270557828,8.65648082579534e-05
"698",698,70,14,1.84370215726085,0.451634906465188,8.57830518032426e-05
"636",636,259,60,1.59939553774893,0.360962448059581,8.1036279475302e-05
"937",937,187,4,1.44831820507534,0.122245294507593,8.02125491863272e-05
"710",710,147,20,1.34810554375872,0.479548148694448,7.97995548242242e-05
"533",533,88,158,1.42417590157129,0.446975087164901,7.69540023262038e-05
"786",786,115,24,1.35078364075162,0.326013084617443,7.67198532494375e-05
"572",572,141,102,1.4617922976613,0.351112411241047,7.41442464135267e-05
"402",402,233,172,1.78105499735102,0.210381705663167,7.35311216965531e-05
"633",633,159,56,1.9965501204133,0.459286037134007,7.3499402232636e-05
"392",392,230,8,1.03607275662944,0.478335664025508,7.32085668151359e-05
"681",681,149,104,1.23293121322058,0.235760714509524,7.3199716128694e-05
"334",334,284,76,1.32557823811658,0.147406635689549,7.29834329798339e-05
"499",499,126,122,1.2523710874375,0.48619248077739,7.24505717074222e-05
"430",430,187,8,1.02713801758364,0.221185721224174,7.10983394676917e-05
"417",417,277,24,1.33032561116852,0.0418844542000443,7.08561319433472e-05
"999",999,183,212,1.01465421263129,0.463295699562877,7.0314974120103e-05
"318",318,93,28,1.9164967269171,0.314574635936879,7.02724395081192e-05
"393",393,206,22,1.77500927215442,0.496392247267067,6.93981473824997e-05
"984",984,201,14,1.29336349340156,0.139395367703401,6.80819147870683e-05
"661",661,104,32,1.51732587791048,0.291676803259179,6.78704097126157e-05
"458",458,97,120,1.31055808346719,0.474988111061975,6.71963215278922e-05
"418",418,147,146,1.06933124619536,0.476294189691544,6.71902019564854e-05
"527",527,140,6,1.59712881757878,0.379308067145757,6.60893441070646e-05
"991",991,208,88,1.65419932757504,0.222244999720715,6.38361420393153e-05
"853",853,150,132,1.08206898649223,0.0571870654821396,6.20053462177379e-05
"965",965,180,246,1.56991304131225,0.342553025577217,6.19226078089812e-05
"7",7,271,136,1.56688558426686,0.446466605411842,6.18476234766751e-05
"254",254,228,148,1.81380421342328,0.00433586281724274,6.02500110533839e-05
"726",726,87,48,1.84030415746383,0.0565720904851332,5.90230801648989e-05
"468",468,247,154,1.63740847399458,0.118457179632969,5.85094953678256e-05
"667",667,165,68,1.12837034557015,0.194492378272116,5.84659660336627e-05
"457",457,275,248,1.54487787140533,0.437171734985895,5.73817948799571e-05
"188",188,206,256,1.31565387593582,0.284016228397377,5.48107401322412e-05
"338",338,193,192,1.43261201330461,0.153433047817089,5.45045007032442e-05
"120",120,138,82,1.57190597313456,0.179499159916304,5.24696204273061e-05
"178",178,91,56,1.81672887131572,0.178200490656309,5.11283944299896e-05
"700",700,270,56,1.56066197203472,0.0465143444016576,5.09998720636544e-05
"659",659,88,62,1.28465269110166,0.0738396355882287,5.09239829652968e-05
"862",862,176,268,1.33438924793154,0.457385621150024,5.02270670429491e-05
"197",197,251,26,1.92599497223273,0.318845656933263,4.98244471445712e-05
"210",210,75,104,1.60564999328926,0.00299975113011897,4.89695940017608e-05
"344",344,223,34,1.73743818933144,0.159254375495948,4.8802996842929e-05
"400",400,276,232,1.09513182379305,0.17850770894438,4.76438592079213e-05
"725",725,214,156,1.7892067625653,0.487917152233422,4.68475037279427e-05
"782",782,245,108,1.5312763992697,0.403480658773333,4.63395323687781e-05
"13",13,33,64,1.67800245527178,0.0274172653444111,4.62060042893345e-05
"215",215,176,82,1.1678192326799,0.351919942651875,4.60364415745184e-05
"834",834,183,192,1.05327716656029,0.0913669816218317,4.47502767799215e-05
"260",260,168,136,1.45495622977614,0.285688168019988,4.43533304515359e-05
"580",580,254,12,1.33985038707033,0.277219906100072,4.40512435405487e-05
"65",65,163,160,1.25489174388349,0.00687767146155238,4.39518129593917e-05
"719",719,41,34,1.14944327552803,0.311487590661272,4.30793357161358e-05
"978",978,185,218,1.29534894437529,0.446013542590663,4.23665727398591e-05
"941",941,92,134,1.69197959429584,0.411360428202897,4.2054212621206e-05
"721",721,135,200,1.06164635741152,0.201719362055883,4.17367748604286e-05
"823",823,204,18,1.97531086741947,0.228271080879495,4.15898247911687e-05
"896",896,105,42,1.87939233798534,0.029416952165775,4.13497778537188e-05
"21",21,186,80,1.53936906158924,0.0447052703239024,3.8537031854576e-05
"456",456,267,102,1.65103706461377,0.446754491073079,3.8022956634318e-05
"385",385,99,6,1.10250321822241,0.189618316479027,3.77484662239197e-05
"936",936,260,14,1.64348364900798,0.498759247013368,3.6881482587412e-05
"132",132,216,28,1.23029588232748,0.254924739361741,3.62391884252106e-05
"808",808,274,112,1.18427014769986,0.403374019195326,3.51507299494495e-05
"379",379,122,40,1.82630211627111,0.0937819363316521,3.49895315753884e-05
"375",375,268,12,1.73103539855219,0.331802352913655,3.41743898686912e-05
"686",686,112,196,1.75083297397941,0.0351653581019491,3.3464671936616e-05
"538",538,189,186,1.2962001315318,0.482917715329677,3.34474674690691e-05
"293",293,202,10,1.36428666207939,0.354154147091322,3.2912160589044e-05
"982",982,165,202,1.77470248285681,0.253550336463377,3.25814335828979e-05
"161",161,287,26,1.22710617748089,0.00159706652630121,3.2307902068501e-05
"234",234,256,48,1.12556250835769,0.304340200382285,3.09320157502078e-05
"175",175,249,28,1.96906206058338,0.138206625240855,3.07358887189671e-05
"446",446,114,80,1.43082284228876,0.37550125468988,3.03955029312819e-05
"186",186,159,52,1.99369140900671,0.138767594704404,3.00704268100805e-05
"900",900,214,42,1.48697855812497,0.169342454872094,2.96168006624502e-05
"962",962,61,54,1.81332148285583,0.41674680809956,2.90985089522148e-05
"279",279,161,212,1.51097249984741,0.285148018039763,2.81430513460797e-05
"644",644,85,98,1.40665471320972,0.109381969086826,2.77843484515431e-05
"612",612,70,20,1.75704694818705,0.233989075990394,2.73588872908071e-05
"349",349,160,172,1.48709186934866,0.0402784664183855,2.7304320223506e-05
"105",105,72,22,1.11669157282449,0.168582982267253,2.66772322120409e-05
"615",615,96,148,1.79552563885227,0.308574122143909,2.63125549228907e-05
"182",182,275,264,1.02036411967129,0.124782757251523,2.5534677006474e-05
"836",836,49,28,1.53175198822282,0.408752194372937,2.55270167218274e-05
"22",22,111,166,1.51757386373356,0.357902258750983,2.50794261724351e-05
"71",71,193,134,1.94345969404094,0.132258402649313,2.448409752377e-05
"450",450,45,40,1.78723208396696,0.224274570471607,2.43618988047976e-05
"607",607,140,66,1.14681583014317,0.354009673465043,2.42211371293026e-05
"264",264,216,66,1.52617287333123,0.0970514158252627,2.38410651407826e-05
"335",335,67,12,1.92170753586106,0.310903987148777,2.3583744197431e-05
"341",341,138,148,1.98718807264231,0.0821368643082678,2.33719985574746e-05
"359",359,202,92,1.02058608247899,0.237793134758249,2.26825421937845e-05
"395",395,123,80,1.00919483276084,0.0948925208067521,2.19228963235356e-05
"107",107,199,48,1.06050019757822,0.187387138605118,2.1203117889112e-05
"584",584,212,18,1.21298990841024,0.0958214001730084,2.11678157847982e-05
"935",935,91,60,1.93345107953064,0.175823172088712,2.0003760631738e-05
"292",292,142,272,1.44251250429079,0.329680859460495,1.98560650197156e-05
"498",498,208,60,1.07531770830974,0.172602069098502,1.95897640990104e-05
"469",469,268,26,1.2157484209165,0.486551141482778,1.93245874061395e-05
"363",363,220,208,1.69717558892444,0.245527026243508,1.92911885623298e-05
"581",581,279,34,1.77919217175804,0.200842265621759,1.91477896829142e-05
"42",42,278,140,1.96140738902614,0.114083169377409,1.88552256917822e-05
"922",922,200,68,1.66777823748998,0.0463418905856088,1.87988511512239e-05
"883",883,293,98,1.68908548774198,0.136597487493418,1.78786549864556e-05
"518",518,291,58,1.18560888012871,0.0408433302072808,1.76801795784829e-05
"27",27,244,24,1.10935806902125,0.300723422667943,1.75530499812404e-05
"663",663,247,16,1.97496519098058,0.19957596831955,1.75370875470193e-05
"92",92,180,186,1.49046210735105,0.393803577870131,1.68564534481035e-05
"449",449,174,12,1.74883157201111,0.372124147717841,1.6189387099076e-05
"857",857,79,154,1.58643248304725,0.23916525405366,1.55719267463325e-05
"818",818,299,120,1.69332168321125,0.34879200393334,1.5198565061325e-05
"717",717,136,36,1.17151117837057,0.114559227018617,1.51125685406957e-05
"709",709,299,10,1.4362385161221,0.122964169830084,1.4702233258391e-05
"5",5,222,84,1.34106439049356,0.105740181053989,1.44663745052177e-05
"447",447,116,148,1.52490309812129,0.0346913632238284,1.31047202006596e-05
"224",224,247,38,1.59217729186639,0.358174648950808,1.30505292851886e-05
"670",670,244,32,1.27006153669208,0.342424652306363,1.29973205782283e-05
"918",918,112,26,1.60145104280673,0.251253145746887,1.28859191147294e-05
"846",846,127,46,1.20992341521196,0.476392819778994,1.27676558652634e-05
"459",459,217,90,1.80063159484416,0.475964660174213,1.23679678997649e-05
"951",951,134,44,1.64020550926216,0.136493197991513,1.1500351853736e-05
"127",127,284,110,1.67498691170476,0.326761942706071,1.10906615290056e-05
"849",849,121,130,1.31996422982775,0.29837106494233,1.09562004650922e-05
"251",251,208,68,1.60891163651831,0.388413111097179,1.05797918684881e-05
"769",769,120,160,1.91757387435064,0.418265508720651,1.03578784879816e-05
"708",708,192,90,1.69947016914375,0.339762863703072,1.02688969177556e-05
"680",680,125,74,1.4676317772828,0.293877389864065,9.83867168756185e-06
"480",480,294,82,1.2946570222266,0.305912779294886,9.56383476866099e-06
"841",841,129,76,1.38695399463177,0.241830928600393,9.31397993518694e-06
"882",882,193,6,1.96443586354144,0.208907284541056,9.17432740002664e-06
"908",908,102,78,1.22737594251521,0.446351061458699,7.95363235762352e-06
"969",969,68,110,1.00307640247047,0.147834831266664,7.94998032556463e-06
"452",452,42,62,1.44516175170429,0.404095280217007,7.13782813968701e-06
"986",986,46,24,1.87141715013422,0.4146939876955,7.05566238853283e-06
"871",871,82,110,1.45662026503123,0.164131808676757,5.75159655053692e-06
"720",720,157,110,1.01073167985305,0.293771998840384,4.58318399020062e-06
"547",547,105,34,1.07773171225563,0.063746414729394,4.06920336562925e-06
"511",511,61,58,1.79168250528164,0.0223413200583309,3.98507812368305e-06
"990",990,108,46,1.68233677605167,0.0131295743631199,3.6882126047879e-06
"875",875,175,76,1.4894019078929,0.0312671004794538,3.67298549478192e-06
"358",358,235,20,1.01868406799622,0.481210950179957,3.53447331269151e-06
"180",180,101,174,1.30405764793977,0.0960558617953211,3.40356348637657e-06
"920",920,82,36,1.14387865085155,0.365664223674685,3.18206507027359e-06
"773",773,48,30,1.8497356637381,0.383602420100942,3.16162830559042e-06
"963",963,36,40,1.90245706774294,0.255549844005145,2.95722665150744e-06
"974",974,86,14,1.86352753220126,0.158630836289376,2.63982335406912e-06
"839",839,79,106,1.44019858981483,0.164664416573942,2.48509961203381e-06
"466",466,47,10,1.0855240188539,0.00550229579675943,2.44696691926566e-06
"130",130,43,2,1.84456794662401,0.30572846555151,2.31457582790158e-06
"444",444,128,64,1.0681961174123,0.0420744061702862,2.27775423560549e-06
"360",360,57,14,1.38986009149812,0.34218081610743,2.17066069761092e-06
"513",513,101,96,1.19747958728112,0.402112733572721,2.16652948712433e-06
"807",807,142,10,1.25050896103494,0.0334771404741332,2.10239061580867e-06
"959",959,146,140,1.94246626389213,0.0901307187741622,1.93507412090908e-06
"462",462,163,8,1.7919211848639,0.111903296317905,1.84017239066925e-06
"102",102,31,44,1.46618357906118,0.241928901523352,1.83889074898449e-06
"275",275,64,110,1.09612237266265,0.418601781944744,1.75338933331551e-06
"41",41,59,44,1.96004131902009,0.1413440866163,1.54462980133111e-06
"14",14,103,2,1.39824878401123,0.126653814688325,1.52465532678582e-06
"741",741,55,18,1.18536462495103,0.0956681965617463,1.4847587212472e-06
"914",914,50,18,1.0234100248199,0.408048264216632,1.31991460398638e-06
"672",672,71,22,1.66268931166269,0.37362199742347,1.26875944216703e-06
"247",247,82,10,1.06148906773888,0.220825154916383,1.11834490980319e-06
"866",866,48,32,1.40867632860318,0.4393583672354,9.4947840657463e-07
"486",486,128,12,1.85889120376669,0.2260645639617,8.48456029993021e-07
"619",619,60,32,1.54401542921551,0.453156587667763,7.46017558212919e-07
"267",267,107,36,1.54778911499307,0.190368714858778,7.17790983082826e-07
"972",972,57,16,1.02772865304723,0.00810586859006435,6.0533768530128e-07
"284",284,123,30,1.10478876228444,0.0332532315514982,5.83891788994397e-07
"803",803,151,58,1.36503651831299,0.163450515014119,4.58109461835899e-07
"577",577,92,52,1.59079216816463,0.178810718934983,4.36707320558132e-07
"687",687,93,44,1.68891466106288,0.122541083954275,3.93686072687169e-07
"342",342,44,38,1.43135187448934,0.368413872085512,6.36122712919747e-09
"794",794,52,2,1.1482321168296,0.153027951717377,5.67023307883215e-09
