"","Group.1","population_size","parent_size","rank","mutation_variation","mating","crossover_rate","mutation_rate","sigmaShare","alphaShare","score"
"238",238,11,166,1.42691543460824,0.35707102175802,4,0.720408182870597,0.281455696560442,1.70232520764694,1,9.23880051672513
"344",344,47,170,1.23789063720033,0.393573921266943,17,0.898570972587913,0.143271552864462,0.947341591119766,1,9.05795381308743
"45",45,27,150,1.28381379176863,0.385781589802355,17,0.928761443588883,0.216943398932926,1.94180400110781,1,8.91804296511183
"326",326,37,164,1.50671550692059,0.248616626765579,14,0.728094550594687,0.244588711531833,0.853407369460911,2,8.84574829686683
"86",86,29,108,1.21568142590113,0.347118800505996,11,0.88211269788444,0.187064716592431,0.754653816111386,2,8.84461840349063
"320",320,38,166,1.51652012374252,0.231250802706927,20,0.974139781668782,0.306147258379497,1.7850311785005,2,8.76716012380169
"47",47,51,150,1.66522175311111,0.369490331597626,11,0.782202878408134,0.142155537265353,0.719038296956569,2,8.75941456209933
"220",220,44,112,1.64934739787132,0.221426023542881,14,0.837045929674059,0.190578127745539,1.87125952867791,2,8.75016282390364
"166",166,21,72,1.76027042199858,0.293090985901654,6,0.88666460365057,0.209265023469925,1.33803881751373,1,8.69740225013209
"216",216,21,120,1.21603914415464,0.322634588181973,16,0.763817478436977,0.291478376952,1.50629470963031,1,8.67079765780201
"21",21,37,160,1.20089361132123,0.388839184306562,25,0.764680998492986,0.235435158829205,0.814653950277716,1,8.61801087160908
"168",168,12,142,1.51740462882444,0.296449845191091,15,0.648956247791648,0.390449719503522,0.67444879328832,2,8.59636133639932
"212",212,28,146,1.56547259087674,0.311020012572408,17,0.931232191994786,0.269150444772094,0.233958910685033,2,8.58971884978952
"23",23,31,92,1.55705119119957,0.249424988031387,9,0.939345303736627,0.254289667354897,0.923622664064169,2,8.58729973929081
"370",370,34,114,1.62206611088477,0.346757937874645,5,0.966630822606385,0.204017186537385,1.87981522781774,1,8.57437458464607
"117",117,7,26,1.44693015511148,0.326283859461546,17,0.883255516830832,0.165806096396409,0.975419274996966,1,8.53280988095048
"277",277,7,36,1.47806369117461,0.365877384692431,24,0.87795957326889,0.207424348569475,1.85977465100586,2,8.5271627329373
"340",340,24,100,1.25646204720251,0.335645429231226,16,0.616817941423506,0.158346955548041,1.59232007479295,1,8.50865535848705
"322",322,28,90,1.33460833495483,0.324495542794466,19,0.935911262221634,0.230816687922925,1.52358674583957,1,8.50666845348404
"243",243,42,106,1.38137935968116,0.186216531414539,13,0.686914840526879,0.284030038397759,0.38182649249211,1,8.50444138269067
"73",73,46,156,1.35324200615287,0.291943119000644,20,0.758466675784439,0.26818278292194,1.4936496457085,1,8.48727380469134
"247",247,30,130,1.79979372429661,0.396196297742426,24,0.615941902156919,0.204645558958873,1.26697439188138,2,8.47682497181757
"163",163,42,178,1.21383763211779,0.294018656387925,9,0.643600499164313,0.278522003442049,1.84611381217837,2,8.47273552348514
"282",282,38,162,1.28844653195702,0.293000059667975,3,0.800104059651494,0.279434903059155,0.447347917128354,1,8.46573165694747
"27",27,56,148,1.24271644572727,0.172078703995794,12,0.737072711437941,0.353309439844452,1.10910854116082,2,8.45860684420019
"226",226,18,174,1.39643348213285,0.251680403575301,6,0.716432666126639,0.467353844549507,0.914714881684631,1,8.44214709953689
"392",392,54,148,1.40075219166465,0.171315534692258,15,0.812233621440828,0.461634343722835,0.0739366938360035,1,8.44166666371705
"294",294,28,142,1.51426753560081,0.322300145402551,23,0.83375807935372,0.31593996391166,0.490744228474796,2,8.4291901751701
"150",150,45,160,1.49257197361439,0.198391538485885,14,0.972201525513083,0.442211031215265,1.49677365971729,1,8.40628796610029
"217",217,46,142,1.58836565846577,0.284336050599813,17,0.887656282726675,0.285961098736152,1.1638599592261,1,8.39780391295338
"233",233,23,64,1.28162227738649,0.358294017519802,13,0.704573235288262,0.151117605157197,1.1920526959002,2,8.39283387237823
"146",146,44,158,1.64721696046181,0.290059236064553,4,0.821517579536885,0.282091976725496,1.59841303899884,1,8.38507235177845
"351",351,7,54,1.7807844127994,0.197306401655078,21,0.717814325541258,0.495922303758562,1.59781040390953,2,8.35150174597273
"98",98,7,72,1.23616424915381,0.250305985566229,12,0.929060823470354,0.464811833109707,0.85581223340705,1,8.33324393373005
"214",214,40,154,1.49456569212489,0.230650829244405,19,0.965845178626478,0.431500821141526,0.904837910551578,2,8.30760389313979
"75",75,44,130,1.33945215353742,0.29354736385867,14,0.756239570025355,0.247791915200651,1.2938649947755,2,8.30332144122215
"134",134,12,108,1.47956204423681,0.311032997630537,7,0.677283315360546,0.387073091580532,0.0356499450281262,1,8.29956914613197
"192",192,56,166,1.40033235554583,0.215676342789084,18,0.79432260626927,0.405190011137165,0.814546078443527,1,8.26888090318324
"109",109,15,160,1.38369011934847,0.288520469982177,23,0.908978471718729,0.479656361276284,1.38664033077657,1,8.26366862209089
"356",356,18,122,1.7810844624415,0.312800789251924,10,0.841623272746801,0.371345485793427,0.733681874349713,2,8.2622958712319
"302",302,23,142,1.38266682280228,0.355497480556369,3,0.745230692252517,0.34365086699836,0.21099124988541,1,8.25668477833551
"262",262,41,126,1.46552765602246,0.289594944380224,11,0.687558029592037,0.138147356687114,0.562105994205922,1,8.2534220755672
"381",381,24,170,1.39230184494518,0.264822468161583,15,0.680134714115411,0.456473356112838,0.840596071444452,1,8.25083063577488
"252",252,19,94,1.20880273631774,0.273360993806273,20,0.859854628145695,0.429099985049106,0.680346231907606,1,8.24853725555241
"18",18,44,124,1.35822000852786,0.211010005604476,23,0.706406241562217,0.387017957051285,0.437047491315752,2,8.23448166062044
"95",95,42,142,1.42030254872516,0.273618075624108,20,0.959624552819878,0.331776408944279,1.47203861409798,1,8.23447347690584
"384",384,49,106,1.65938529311679,0.146545413602144,3,0.757772640604526,0.331393355154432,0.113675996661186,1,8.22047232103641
"324",324,50,116,1.66290455809794,0.236724940035492,18,0.988008148781955,0.342514554155059,1.14452779758722,2,8.16313316807272
"74",74,22,56,1.53057926064357,0.230953568406403,18,0.852822295762598,0.266955178114586,0.00454301107674837,1,8.14836807357592
"296",296,39,162,1.22349985353649,0.364012566767633,11,0.71726839216426,0.276681920629926,0.381189302075654,1,8.14609543220307
"141",141,26,92,1.68345831362531,0.222546713240445,19,0.73928619902581,0.430066939326935,0.164686131756753,2,8.12083022252648
"280",280,8,72,1.45972925098613,0.322459955699742,23,0.715770865604281,0.46262024412863,0.666898226831108,2,8.1172987465959
"330",330,32,92,1.64122020285577,0.383910549897701,23,0.896032350417227,0.19444085820578,0.851576162967831,1,8.10214698939907
"357",357,25,162,1.40393263287842,0.269001716468483,11,0.685086883045733,0.469777112244628,0.509393556974828,1,8.10035662796316
"66",66,46,102,1.44421303868294,0.207679280824959,11,0.99690734250471,0.360570132732391,1.17627593781799,2,8.09116956089699
"380",380,37,126,1.51015856782906,0.370034734718502,5,0.82756304750219,0.273395463475026,0.36949694622308,2,8.07910013430679
"114",114,37,118,1.63415859038942,0.2333311682567,18,0.985166572220624,0.431787125882693,0.250188684556633,2,8.05326549171378
"8",8,55,124,1.54962541381828,0.250569834932685,20,0.907062602322549,0.287070962134749,0.507567145396024,2,8.05050296388963
"202",202,43,174,1.57226958987303,0.262818217556924,10,0.757824334409088,0.416681548696943,1.00995325716212,1,8.04623906918487
"106",106,26,94,1.21168388659135,0.264835809729993,21,0.739917150791734,0.361030543339439,0.895259124692529,2,8.04487206756666
"99",99,44,136,1.20624724128284,0.339285348914564,8,0.620708911493421,0.257657876587473,1.47572732297704,2,8.03801476046212
"157",157,28,148,1.21222337451763,0.280393134709448,12,0.89200128018856,0.24536821374204,0.646684298291802,1,8.01862805540173
"72",72,59,148,1.53726877346635,0.374313799384981,19,0.676165395788848,0.178880497347564,1.18162109702826,1,8.00858975974841
"232",232,58,132,1.38744157939218,0.210169285535812,20,0.815323861688375,0.41821869101841,0.696091211866587,1,8.00056368087538
"236",236,21,88,1.7402468225453,0.262893735896796,8,0.94769864724949,0.48060872964561,0.152465091552585,2,7.96189758980977
"13",13,54,130,1.70288539216854,0.2879977196455,9,0.914980562962592,0.263994943117723,1.82683764304966,2,7.91277237026728
"256",256,39,172,1.61252537788823,0.346112832706422,19,0.968543776031584,0.399932387750596,0.182541861664504,2,7.90949209001284
"84",84,52,152,1.56995502873324,0.369172162748873,25,0.908474782761186,0.285891167586669,0.088855663780123,1,7.90303503080991
"345",345,47,100,1.39274716833606,0.147639661468565,7,0.803405651729554,0.46359338646289,0.194911055732518,2,7.90111488351521
"15",15,37,146,1.26773712476715,0.275180318858474,19,0.600351102650166,0.40081195149105,1.48723607789725,2,7.89983661750659
"268",268,59,178,1.28921454087831,0.270808520913124,20,0.96720144348219,0.392386695020832,1.34589362610132,1,7.89627019923218
"57",57,38,120,1.416586082289,0.221810762863606,20,0.781044776830822,0.493756012874655,1.11038129823282,1,7.86581693494865
"196",196,57,178,1.50540663963184,0.273919239081442,8,0.697200312837958,0.399888931075111,0.255752482451499,1,7.85602060806714
"206",206,21,106,1.35319022736512,0.363800947926939,19,0.664737517666072,0.389901311020367,0.0486810570582747,2,7.84681187359457
"81",81,50,128,1.5094318206422,0.140592731442302,14,0.723868742119521,0.339275179198012,1.96617906680331,1,7.83622559655289
"305",305,58,168,1.67581897624768,0.386478512641042,20,0.991045195888728,0.259424578747712,1.96681322110817,1,7.83411612699679
"151",151,32,130,1.25005010277964,0.273723772633821,20,0.779562979377806,0.431843918398954,0.0618132026866078,2,7.83241409042946
"195",195,23,154,1.32322930670343,0.359631155524403,9,0.722904282435775,0.253771665506065,1.14388208184391,2,7.82540895810202
"155",155,34,138,1.66024761982262,0.331791295763105,17,0.964119769912213,0.424872240633704,1.7634124327451,2,7.81815943191596
"366",366,11,94,1.67582596996799,0.372586994804442,7,0.792657237313688,0.446916322107427,1.54645248921588,2,7.78529795201896
"88",88,21,170,1.52824825351126,0.360928652621806,4,0.76293925056234,0.256062365719117,1.3491735314019,2,7.77116731985818
"288",288,15,170,1.26697993213311,0.39622395625338,4,0.890570190921426,0.468144170823507,0.844491118565202,2,7.76807835292906
"148",148,41,174,1.54272723114118,0.280220257397741,20,0.797595425136387,0.471181611763313,1.09797352226451,1,7.75604740496736
"251",251,16,74,1.48108393368311,0.215930417645723,12,0.614349074102938,0.28708422917407,0.325640201568604,2,7.75509773748675
"355",355,52,132,1.20171486265026,0.290732890833169,25,0.898088625445962,0.349504101555794,1.37341110035777,1,7.72350850388657
"387",387,42,128,1.46992192757316,0.322147975955158,23,0.786575475987047,0.392260819440708,1.61296972911805,2,7.69889673594693
"375",375,28,74,1.69657941400073,0.212469931039959,20,0.756053040269762,0.219522067927755,1.33045702707022,2,7.66529929258192
"338",338,33,88,1.3938371764496,0.222482056170702,20,0.653474916797131,0.486253272392787,0.95926056150347,1,7.63315275751252
"178",178,18,62,1.68843918330967,0.305354181304574,8,0.972618594858795,0.452514012344182,0.574405940249562,2,7.63286979351327
"83",83,40,128,1.24801794053055,0.181737724505365,16,0.690016670897603,0.380917213507928,1.76565482513979,2,7.61578433549483
"44",44,46,180,1.25760866082273,0.214416393823922,18,0.604065700341016,0.272177545586601,1.31971766008064,2,7.58439788592953
"190",190,44,136,1.63735770969652,0.304499175865203,3,0.879150895867497,0.465783035615459,1.29899035766721,1,7.56862034408958
"283",283,21,162,1.49073476856574,0.202540703769773,4,0.939410952758044,0.384030429646373,0.254855864681304,1,7.53947002770547
"54",54,26,82,1.73320213090628,0.355796849820763,12,0.978563132882118,0.335376310511492,1.63107150467113,2,7.5031485469223
"180",180,12,80,1.53267820151523,0.382168483547866,14,0.771550491079688,0.46834806620609,0.355029778089374,1,7.49087959603018
"278",278,52,136,1.62769742519595,0.30620405850932,21,0.891998588480055,0.454410470323637,1.17296197637916,1,7.47682720675827
"50",50,35,104,1.21739337975159,0.296098451688886,19,0.871162452641875,0.458282739855349,0.624252242967486,1,7.46518038371362
"284",284,7,152,1.32147989915684,0.326855272613466,7,0.762169241905212,0.409066305728629,0.210219896864146,1,7.43492445703968
"369",369,59,138,1.43613949678838,0.271794511098415,11,0.853476701956242,0.449018425773829,0.965080415830016,1,7.4239854654875
"132",132,46,126,1.68513047578745,0.345708434656262,15,0.974996342044324,0.393517905613407,0.907534251920879,2,7.41126419472798
"271",271,42,102,1.61684440942481,0.392787017393857,18,0.829627465736121,0.253570971777663,1.19514849502593,2,7.37591015696209
"91",91,38,142,1.64063199930824,0.321821564529091,15,0.823213625513017,0.140962369157933,1.14399961335585,2,7.3500048234681
"261",261,40,84,1.2283099711407,0.257605540473014,9,0.955561871826649,0.115273151895963,0.773464287631214,1,7.33556021657911
"40",40,39,118,1.36014582831413,0.320917087048292,14,0.646139682270586,0.397095638560131,0.0293548912741244,1,7.32509682350608
"393",393,53,154,1.34905135631561,0.3287119272165,16,0.961572440899909,0.439642186276615,0.968835593666881,1,7.29915797321913
"318",318,39,152,1.30178662757389,0.192237240821123,20,0.904743244126439,0.394332166877575,1.30831839609891,2,7.23790526941836
"31",31,4,14,1.46282200561836,0.399056469462812,24,0.617927624750882,0.150601651868783,1.07981187663972,2,7.21583644895293
"63",63,13,32,1.66539507200941,0.132623589038849,16,0.873262796085328,0.415433486108668,0.928600245621055,1,7.11856721916774
"293",293,44,140,1.75435542273335,0.356402519997209,12,0.824499091226608,0.458454087725841,1.84170516952872,2,7.11254895246924
"291",291,53,162,1.76255611195229,0.323420211672783,15,0.601943747419864,0.426719910465181,0.769941932056099,1,7.09342506329262
"258",258,43,140,1.33254714575596,0.361402100790292,17,0.604889848083258,0.474044533912092,1.55090224836022,1,6.99495796002539
"102",102,48,100,1.77658069124445,0.171641348395497,9,0.99677533628419,0.499845035606995,0.364487887825817,1,6.97898103934435
"162",162,12,108,1.71757766171359,0.243756884243339,13,0.707104588765651,0.403570081223734,1.0113090313971,1,6.93367129909977
"274",274,39,86,1.66780489375815,0.240920348744839,19,0.60139174638316,0.465499257785268,1.81117503391579,2,6.92955681846695
"127",127,54,118,1.59131134785712,0.380026752687991,10,0.747048944886774,0.283643670962192,0.44248051289469,2,6.90470391949537
"211",211,50,120,1.3521986243315,0.338046988844872,9,0.669398155249655,0.425604870077223,1.78578165685758,1,6.86395952009482
"306",306,38,82,1.74006621711887,0.386492577567697,5,0.771529753133655,0.255317771225236,0.485183376818895,2,6.75472428636656
"285",285,25,82,1.45690191853791,0.348912958148867,23,0.92516915043816,0.124434744007885,1.44425127515569,1,6.69382552334249
"245",245,8,34,1.40254720444791,0.223186068236828,13,0.770559461321682,0.432259677909315,1.96714230440557,2,6.6257758900222
"17",17,39,82,1.45424987096339,0.298450188990682,4,0.975970148295164,0.285904032061808,1.21547551453114,1,6.6173322831071
"9",9,26,152,1.5183683550451,0.177424741629511,12,0.716032113879919,0.344715005368926,0.563245336990803,1,6.54824491809673
"108",108,32,152,1.2698074223008,0.233074181620032,9,0.947029135469347,0.277679285150953,1.19519491586834,2,6.46186475061384
"230",230,56,124,1.65864112917334,0.15559718310833,10,0.689361015055329,0.228031983948313,0.238903297577053,1,6.43257600449894
"175",175,50,110,1.29612329173833,0.396137085277587,16,0.865293109044433,0.0367356843780726,0.581784814596176,2,6.2091059083237
"386",386,44,168,1.7067897727713,0.173977783508599,19,0.763226106297225,0.284735515131615,1.57945329276845,1,6.16830820897647
"301",301,29,68,1.30030455440283,0.397282849997282,5,0.854866850562394,0.442500953911804,0.560295016039163,1,6.10457653729196
"354",354,56,126,1.26419676505029,0.398262368794531,6,0.691565254796296,0.405333201866597,1.37349092960358,1,6.07129131341839
"77",77,8,54,1.50286441496573,0.199764661677182,5,0.601949296984822,0.477664488833398,1.3520230948925,1,6.0318130600876
"348",348,40,168,1.43331217369996,0.33642386328429,23,0.61646970892325,0.126109333592467,1.04190730955452,2,5.92784333392416
"321",321,22,52,1.58051427821629,0.121594186779112,22,0.783806409686804,0.360708465101197,1.50341832637787,1,5.87136261691767
"295",295,22,46,1.77476702844724,0.29428718984127,16,0.96682261666283,0.234690637676977,1.98705455800518,1,5.81266447467441
"144",144,7,38,1.60060089142062,0.284118023328483,23,0.669859351404011,0.245048428536393,1.49807600304484,2,5.64626275578087
"323",323,4,106,1.59341455833055,0.331259417440742,4,0.848508273251355,0.342824911698699,1.26804963406175,2,5.52739573886637
"339",339,39,174,1.4660325141158,0.152096076123416,15,0.763907680381089,0.447703315643594,0.622895126231015,2,5.48170636124245
"265",265,51,140,1.4145962851122,0.148641539271921,11,0.910545079503208,0.310557416174561,1.40364304324612,1,5.37661248643492
"311",311,37,130,1.62728882976808,0.147370676696301,5,0.860996327642351,0.471701740170829,0.181033222470433,2,5.32608601692974
"273",273,16,162,1.71620816532522,0.198008044529706,24,0.649079712387174,0.484060283168219,0.188674563076347,2,5.31010696079983
"299",299,32,112,1.25153100918978,0.180039052385837,5,0.974706168845296,0.267358731362037,1.53021351993084,1,5.24176958613253
"142",142,21,44,1.4401554713957,0.31354452278465,24,0.808066521026194,0.33464689203538,0.751801605336368,2,5.21076619727994
"367",367,23,90,1.31383848474361,0.272833482176065,24,0.958881281781942,0.17483896878548,0.27552678110078,1,5.18978168916207
"385",385,7,60,1.28250345848501,0.352341784257442,24,0.831954494584352,0.192031375481747,1.3375671999529,2,5.12456164582312
"327",327,29,100,1.62394596347585,0.162814499624074,23,0.971830572094768,0.340532803209499,0.303611217997968,2,5.02824855322981
"20",20,7,148,1.66580337379128,0.237737090885639,13,0.918228060565889,0.448688590433449,1.44232305930927,1,4.9368498619072
"48",48,51,104,1.22596766911447,0.389050338417292,19,0.858419399708509,0.232296690577641,1.92735459376127,1,4.69859231143278
"145",145,36,130,1.44368388005532,0.139433133043349,23,0.809067812655121,0.413209252525121,1.91936092078686,2,4.60319995109512
"4",4,33,160,1.58738723932765,0.296202047262341,24,0.649528339877725,0.131534730433486,1.84691440593451,1,4.43899131418958
"125",125,7,166,1.58372147125192,0.268480419460684,23,0.969166058022529,0.379781322320923,1.09726874390617,2,4.40014352157234
"362",362,34,134,1.4633548149839,0.176604651566595,17,0.916913552582264,0.315884757786989,1.03933528997004,1,4.03724235052446
"156",156,7,22,1.79815360279754,0.13440904840827,11,0.955236865673214,0.382491620024666,1.0734398458153,1,3.94776083938873
"153",153,17,50,1.73709012405016,0.296109325997531,16,0.725526362191886,0.0694240666925907,0.72293200250715,2,3.93475074461372
"229",229,59,120,1.75002578278072,0.310984119959176,15,0.708725704066455,0.292215324356221,1.01842657895759,2,3.91152063126746
"395",395,30,86,1.74420777428895,0.133460500091314,22,0.849120809230953,0.464892840362154,1.12710319226608,2,3.85128575397505
"350",350,36,82,1.52520734039135,0.132163205463439,4,0.850494174659252,0.25141557038296,0.88476947741583,1,3.83180125543202
"110",110,7,138,1.48703246614896,0.392972384858876,21,0.756944088637829,0.265930719324388,0.656473056878895,1,3.65984089421292
"68",68,11,110,1.60604595760815,0.169380900636315,18,0.635621024668217,0.381334072211757,0.438039450440556,2,3.63353907989
"371",371,40,82,1.48709364677779,0.237235279846936,10,0.602066114172339,0.273335314588621,0.46684542670846,1,3.58661513683411
"360",360,10,40,1.55781625066884,0.157213926501572,21,0.944673916790634,0.330878238077275,1.36298986384645,1,3.56115891666709
"107",107,10,172,1.59888242064044,0.276711924746633,7,0.723403135128319,0.323378339409828,0.099086357280612,2,3.50213009174528
"174",174,40,94,1.65308032957837,0.289166296459734,13,0.99500345736742,0.0622582122450694,0.791957339737564,2,3.5001191190573
"368",368,26,164,1.38417776743881,0.329597272071987,6,0.615451179537922,0.182920204708353,1.68122574035078,1,3.35568269512894
"244",244,57,166,1.45291032143869,0.105061824433506,11,0.655897086951882,0.345291205216199,1.51357331499457,1,3.30867956296674
"78",78,6,138,1.2161873540841,0.210194088052958,24,0.76115645468235,0.391908533754759,0.22885437682271,1,3.30635031090158
"59",59,57,146,1.28426930238493,0.120323061104864,19,0.829838342685252,0.332323370617814,0.644589580129832,2,3.26848886511846
"378",378,28,106,1.77926845774055,0.329268392827362,17,0.998447998985648,0.120458422927186,1.15775119420141,1,3.13874042526446
"181",181,14,116,1.79481953722425,0.303274934180081,4,0.637844417244196,0.276609397260472,1.42776091629639,2,2.97085891712511
"400",400,26,156,1.69665508386679,0.266266901511699,25,0.718619769718498,0.169522727606818,1.98585767112672,1,2.96971628048903
"287",287,17,126,1.40031121401116,0.159228174202144,5,0.72736783567816,0.436933077871799,0.127531669102609,1,2.92894128232716
"165",165,17,176,1.48039055946283,0.25946346661076,19,0.921924703940749,0.256187189370394,0.397111824713647,2,2.85530053634179
"219",219,16,124,1.40092208138667,0.188515752367675,8,0.649008725397289,0.286079145269468,0.357167281210423,2,2.73529199024904
"201",201,16,44,1.35940597448498,0.332127450965345,19,0.807176968455315,0.0692395425867289,1.53832048270851,1,2.62516445620025
"312",312,29,176,1.4928544244729,0.135836698766798,20,0.734556144475937,0.283812197507359,1.11820781230927,2,2.54849569042297
"255",255,60,164,1.49502667039633,0.205892841145396,5,0.802191567141563,0.108275796636008,1.99027383932844,2,2.27665918874289
"3",3,33,70,1.67186909406446,0.105432973988354,15,0.866858299169689,0.336607530014589,1.16983817378059,1,2.23494303661051
"300",300,37,138,1.44008211814798,0.296168179158121,15,0.939030072372407,0.097683877684176,0.314212865196168,2,2.13122400115645
"373",373,53,154,1.25021113227122,0.139169297087938,13,0.679779775999486,0.219249512418173,1.46331460308284,1,2.07205497734852
"290",290,60,174,1.76475882860832,0.184700860269368,23,0.723167217615992,0.122261025593616,0.853120277170092,2,2.00971560429029
"197",197,4,146,1.40890770480037,0.267104808427393,21,0.625254096649587,0.33565091562923,1.7829752038233,2,1.8211972270803
"209",209,12,142,1.69620229080319,0.204586862865835,19,0.626559088844806,0.256362588843331,0.0932032726705074,2,1.7144546548233
"41",41,37,104,1.60159901739098,0.118481458816677,11,0.899684169050306,0.31442695739679,0.196884857024997,2,1.64974460217617
"1",1,11,70,1.66230639726855,0.385484649147838,15,0.607247048988938,0.10401692148298,0.107571340631694,2,1.57681264036177
"304",304,40,158,1.64943762710318,0.10901491260156,7,0.94255203306675,0.444741424871609,0.595957956276834,1,1.54640759302658
"263",263,47,164,1.20260139796883,0.230437211599201,9,0.763636253401637,0.116398783982731,1.61459313705564,2,1.54061589500147
"269",269,54,174,1.4597112479154,0.115854086074978,18,0.974747110810131,0.358317196834832,1.79026503721252,2,1.51848225679357
"223",223,56,132,1.79078139807098,0.112519949674606,16,0.627982942666858,0.23013450356666,1.31235708389431,1,1.35666769422055
"49",49,53,132,1.6959977208171,0.14882025597617,3,0.924456595536321,0.157173915067688,1.39504111697897,2,1.29218358062326
"94",94,14,128,1.26149172792211,0.159946513455361,19,0.617262936104089,0.317870209575631,1.13018774194643,2,1.2887346926202
"67",67,60,168,1.62297015166841,0.305779202189296,22,0.916616554465145,0.0613159066997468,1.02966441679746,2,1.25195961186831
"179",179,46,174,1.53746722843498,0.125489989109337,5,0.745480635482818,0.220226508332416,0.516380629502237,2,1.05948773508794
"398",398,23,166,1.46547961640172,0.280485804192722,19,0.97015490885824,0.182149112108164,1.82325311284512,1,1.03965879561216
"259",259,57,162,1.67174709658138,0.313174648582935,18,0.727681159041822,0.0609208870446309,1.05322950007394,1,0.964704537116693
"397",397,45,118,1.35005756886676,0.102143840584904,9,0.981251411698759,0.332221753778867,1.34150094306096,2,0.89611324186268
"364",364,19,160,1.7796230294276,0.250259325746447,16,0.63892335081473,0.1989008175442,0.934680016711354,1,0.882367331757233
"353",353,30,172,1.34483667961322,0.242154864780605,22,0.780481146741658,0.159378077252768,0.639198593329638,1,0.852942017163208
"60",60,31,172,1.6891312987078,0.0491265201941133,6,0.81914748121053,0.345586575334892,0.807287767063826,2,0.8419114743219
"123",123,24,54,1.53667328981683,0.0936786458827555,19,0.633474393188953,0.21245160815306,1.28644203487784,2,0.822077788487052
"336",336,41,170,1.39149161288515,0.145173009857535,21,0.831137433461845,0.355737828765996,0.939410510472953,2,0.780295525147834
"139",139,57,150,1.53046324909665,0.120641683600843,12,0.814929854124784,0.206449965131469,1.91853095078841,2,0.702006813019379
"333",333,34,124,1.78271889653988,0.213451088685542,16,0.944274434633553,0.152497604722157,1.7768244408071,2,0.673947300898264
"116",116,23,122,1.22400314463302,0.128922577016056,6,0.899098410177976,0.260702579165809,1.27570146834478,2,0.589845050951643
"377",377,43,150,1.75486776544712,0.185798736754805,21,0.762535983230919,0.0949396983487532,0.384217922575772,1,0.564218164202112
"56",56,56,150,1.62251981212758,0.118893310148269,19,0.72204483775422,0.217170210322365,0.1599898529239,1,0.562330626103278
"26",26,27,138,1.59144915863872,0.156696548592299,10,0.75177060617134,0.185997542808764,0.449089092202485,1,0.552082920707443
"58",58,17,82,1.34204352744855,0.0976359814405441,17,0.736586107499898,0.083927828934975,0.667189405765384,2,0.54692524131982
"29",29,55,170,1.36890018777922,0.339896296150982,22,0.728121963050216,0.0617157171946019,1.33301433408633,1,0.539958195403574
"276",276,23,158,1.41189834480174,0.301673409901559,8,0.608739889692515,0.122231558198109,1.64499590778723,2,0.535327506683198
"143",143,20,152,1.69147901250981,0.140937582310289,9,0.77536271456629,0.218056793790311,0.1799879912287,1,0.531780477573178
"286",286,50,154,1.63154684565961,0.116609766893089,25,0.926821099966764,0.27392748859711,0.802632951177657,1,0.526565948905433
"225",225,19,154,1.69528154502623,0.378905281145126,12,0.842537708766758,0.148054561577737,1.03919441718608,1,0.495380757003887
"303",303,17,126,1.31736987889744,0.0678046433255076,9,0.62617073468864,0.39063481381163,0.0341478129848838,1,0.452584227762618
"235",235,5,26,1.56868901364505,0.327122211642563,16,0.884413829818368,0.0828532463638112,0.0290839872322977,2,0.449182047285505
"374",374,59,164,1.76040704869665,0.0884718748740852,21,0.75743209598586,0.218377161188982,0.941713373642415,2,0.446753494028354
"308",308,42,168,1.30564201916568,0.0783858668990433,21,0.60987312477082,0.261975378030911,0.950197489000857,1,0.391069304331529
"346",346,18,136,1.61084523461759,0.396949872747064,11,0.964322825707495,0.0511648241663352,0.600258124992251,2,0.384227074153823
"394",394,36,148,1.42464216286317,0.166162628866732,13,0.95690977210179,0.139678095001727,1.91221443377435,1,0.372075471407568
"90",90,55,154,1.63809919562191,0.11489708609879,16,0.904407079331577,0.271366500179283,0.00294977659359574,2,0.367442602500075
"87",87,19,76,1.54724621339701,0.0643057928420603,22,0.687118605896831,0.306608453160152,0.663770927581936,2,0.365612496841762
"372",372,26,170,1.45904757259414,0.0690210869535804,19,0.998697569500655,0.448712813551538,1.80758859496564,2,0.337322494548464
"329",329,3,124,1.63191571868956,0.278673882223666,6,0.702600374165922,0.196381638292223,1.72294166777283,2,0.320647803242922
"254",254,45,160,1.31815025042742,0.0561517247930169,16,0.97829472059384,0.330237447167747,0.558131222613156,2,0.295502948126751
"298",298,12,114,1.7495759960264,0.0417849441990256,18,0.708123095054179,0.23046850413084,0.443398940842599,2,0.288590582036191
"309",309,11,178,1.32157633588649,0.163146925531328,8,0.870448944345117,0.316618216806091,0.613781195133924,1,0.281453916955763
"316",316,33,80,1.56477700243704,0.153585247136652,5,0.614334035478532,0.0936129415640607,1.57757411990315,2,0.280541031343884
"36",36,23,132,1.56297139199451,0.135993970185518,15,0.972978331521153,0.351485789753497,1.72293495945632,1,0.280061841754296
"189",189,25,146,1.7021241474431,0.0653312348760664,24,0.635747224465013,0.341005911934189,0.0284224315546453,2,0.277958099786557
"260",260,35,104,1.20145836579613,0.176408275216818,25,0.903162341285497,0.117075469577685,0.784926192834973,2,0.252058012407862
"253",253,24,108,1.57122097257525,0.0310253133065999,14,0.717276063095778,0.295224034693092,0.521187273319811,2,0.233802817853979
"250",250,22,62,1.78505223230459,0.0848621972836554,24,0.75536442399025,0.339043677784503,0.808677114080638,2,0.227531803848807
"314",314,22,96,1.26163088916801,0.220198461972177,18,0.877093714196235,0.122413253411651,1.26605945499614,1,0.222392907761602
"159",159,49,164,1.70464971642941,0.266736241430044,8,0.96557771936059,0.0991683907341212,0.168354742694646,2,0.20169484175432
"363",363,35,132,1.31067581903189,0.139230972807854,20,0.701041076332331,0.111183527274989,0.0256970534101129,1,0.199587054409366
"215",215,19,162,1.51003345716745,0.0123955367133021,11,0.867742278426886,0.0499249089043587,1.84584294306114,2,0.192685660434298
"42",42,42,162,1.21807882804424,0.0275813172571361,9,0.650106864515692,0.329400089452974,0.998160720802844,1,0.186210660198973
"198",198,34,116,1.23875176990405,0.147446751687676,17,0.940168641041964,0.223465681658126,0.165065434761345,2,0.183399349331218
"169",169,47,146,1.27576224915683,0.091952408477664,18,0.730438890587539,0.178394773160107,1.61056563491002,2,0.180527539208337
"176",176,25,164,1.62770705712028,0.372656381316483,4,0.872589462250471,0.0202548831002787,0.449125754646957,2,0.178527078074708
"12",12,11,108,1.72868969184346,0.0873058359138668,21,0.741946395859122,0.42032182670664,1.7888149805367,1,0.173029568249808
"399",399,22,122,1.72427537189797,0.0364946755580604,21,0.794404932111502,0.426287550712004,0.718826961703598,2,0.172096376963987
"359",359,6,118,1.55900401175022,0.295745537243783,19,0.861138784047216,0.131651815259829,1.982152948156,1,0.171008298099877
"93",93,28,136,1.53679977217689,0.0641773299314082,19,0.747584857791662,0.0684792650863528,1.40240364195779,2,0.156305330420035
"32",32,25,170,1.69560105563141,0.000739236082881689,24,0.787318096775562,0.0907507713418454,0.987730091437697,2,0.154053339910466
"100",100,18,78,1.28836755375378,0.0603582064621151,8,0.853533325809985,0.350775990751572,1.321077845525,2,0.153320508058624
"237",237,55,170,1.31958634285256,0.0850981782190502,10,0.737874227575958,0.48440018936526,1.36831947509199,2,0.152044386856678
"183",183,27,118,1.37779508312233,0.0481253642588854,8,0.890704452060163,0.394209579913877,0.558203183114529,2,0.149500188850918
"193",193,16,108,1.51447305064648,0.295976835116744,24,0.617221570014954,0.152736825402826,0.501349030993879,1,0.149272219338173
"361",361,29,120,1.42691022916697,0.219527094252408,8,0.768460539542139,0.0849995468743145,1.76399065274745,2,0.148716057158337
"267",267,41,170,1.62604591352865,0.123740944080055,25,0.905287074297667,0.290627705631778,1.12476830137894,2,0.122528183767229
"92",92,58,160,1.51916892402805,0.00468545099720359,13,0.69063654365018,0.405852167517878,1.60262084519491,1,0.12101281418063
"38",38,12,180,1.50064048036002,0.0459327961318195,5,0.92360795000568,0.398776290589012,0.421494691167027,2,0.109491777115393
"113",113,53,132,1.36495426716283,0.0730878787115216,22,0.881750249955803,0.231678006239235,0.380862751975656,2,0.101071761777128
"234",234,23,68,1.61952049056999,0.0261106721125543,10,0.771734409593046,0.123820077045821,0.938872378319502,1,0.10056427106051
"335",335,28,134,1.47170363157056,0.0525685643777251,10,0.940522317308933,0.169628814677708,0.875174838583916,1,0.091322141973677
"188",188,15,172,1.62963917059824,0.293485143966973,17,0.645315227191895,0.101144413580187,0.169703907798976,2,0.0899793313335641
"112",112,15,124,1.38421394205652,0.0938874579034746,7,0.956258683465421,0.293887348496355,0.507101914379746,2,0.0863207264483801
"343",343,44,164,1.51412428300828,0.215058189816773,18,0.817634948343039,0.00964830256998539,0.10898011829704,1,0.0849577293958527
"200",200,34,146,1.3461910336744,0.202129212673753,24,0.819253913965076,0.0187080323230475,0.98622391698882,2,0.0830784900514065
"33",33,22,154,1.48529362790287,0.0478174662217498,3,0.90286104651168,0.00175562954973429,1.63002797728404,2,0.0814918772989083
"383",383,43,132,1.53083448205143,0.00543338768184185,7,0.632746488321573,0.25949823949486,0.55957735190168,1,0.0780065937855348
"281",281,12,72,1.70841552307829,0.314230255782604,16,0.622898302506655,0.105697946739383,1.38260143855587,1,0.0777325699003778
"325",325,39,108,1.43507631286047,0.0871515460312366,16,0.873109243437648,0.114046311937273,1.02531715808436,2,0.0712860478743202
"275",275,31,144,1.69601005772129,0.32356728753075,20,0.901975614856929,0.0239762233104557,1.35920592863113,1,0.0700029098594351
"5",5,12,166,1.27327680378221,0.21682740515098,5,0.741092719417065,0.154672940028831,0.784512619953603,1,0.0695858268193282
"104",104,48,176,1.4171399296727,0.0530204236507416,25,0.883330625016242,0.211965306196362,1.45469153160229,2,0.068500847993428
"317",317,37,98,1.61042234385386,0.030098904017359,8,0.615150635968894,0.118576514068991,0.935606479179114,2,0.067742103570779
"140",140,34,156,1.79246929557994,0.088644503057003,22,0.704572044312954,4.96680149808526e-05,0.704881898593158,2,0.0643808013777547
"208",208,35,88,1.38703201725148,0.0294417703524232,11,0.734631332010031,0.369264045613818,0.38240328989923,2,0.063016516165254
"119",119,60,176,1.48933167331852,0.0619530683383346,19,0.82215080531314,0.100453210645355,0.810147219337523,1,0.0629741008593845
"24",24,58,168,1.71684405547567,0.0238530731759965,13,0.965124297514558,0.491161681711674,0.758010117802769,2,0.0616967705899229
"164",164,38,176,1.58480807184242,0.0345429314300418,6,0.643298768717796,0.0336434711934999,0.595872171688825,2,0.0599816306507737
"133",133,32,164,1.32522055995651,0.0803752720355988,25,0.774038524460048,0.379603946465068,1.38428214238957,2,0.0592856829572934
"313",313,20,68,1.4814641866833,0.0964646526612341,13,0.742102140467614,0.280616191099398,0.780829565133899,1,0.0582512355965705
"307",307,15,180,1.62481517409906,0.0358486545272172,24,0.805528185237199,0.291521701728925,1.88966858293861,1,0.0570224055702691
"22",22,42,142,1.43261695615947,0.307716977503151,5,0.887818719353527,0.0649137699510902,1.39542518882081,1,0.0563885559742419
"82",82,17,166,1.6750119252596,0.150381413567811,9,0.806979637313634,0.0274147684685886,0.521903943736106,2,0.0534366171236712
"55",55,21,80,1.66314368387684,0.163220725301653,19,0.810383035521954,0.0942713404074311,1.54956038948148,1,0.0528595425421252
"349",349,55,160,1.27442941311747,0.0099513472057879,17,0.938608602900058,0.394789104466327,0.351027673110366,1,0.0507058521117499
"279",279,7,14,1.26082356283441,0.205735132470727,6,0.671429785247892,0.401702484115958,0.577073861379176,1,0.049579346538946
"120",120,24,172,1.27088966164738,0.391832840256393,15,0.628305906709284,0.00179204775486141,1.24426495702937,2,0.0494784871600826
"249",249,29,76,1.46285812282003,0.0232619572430849,7,0.839035882521421,0.0583719548303634,0.27558147162199,1,0.0494722862324252
"53",53,59,150,1.42377825267613,0.00693231383338571,25,0.905430210754275,0.492107093101367,1.10225220490247,2,0.0486853133456161
"184",184,42,152,1.44157341183163,0.0198959652334452,19,0.664178850408643,0.362125159939751,1.09060370316729,1,0.0473940862300559
"39",39,26,164,1.5616530594416,0.0474180798046291,25,0.969965215399861,0.482784217805602,0.389753038529307,2,0.0424743043642123
"341",341,43,110,1.32118889233097,0.102977532427758,21,0.732255250681192,0.182148459833115,0.635026428382844,2,0.0408822826396606
"382",382,20,178,1.4016871875152,0.246122593712062,7,0.993088307417929,0.0127959219971672,1.18116844259202,2,0.0396849171484551
"213",213,17,108,1.25907314554788,0.10178118404001,17,0.840075636003166,0.324113690643571,0.784472576808184,2,0.0396522766408014
"14",14,16,54,1.67274286444299,0.18036239463836,20,0.978268222976476,0.0630783650558442,1.98048245534301,1,0.0391817256206101
"154",154,36,88,1.73007508968003,0.00292654279619455,7,0.801579444762319,0.456098025431857,0.115674594882876,1,0.0388784323009768
"204",204,28,160,1.43940512356348,0.126243531703949,8,0.993375962320715,0.356819802778773,1.56208602664992,2,0.0368500898040139
"210",210,8,112,1.65458867303096,0.328877308405936,4,0.942703166976571,0.212160846334882,1.66829879209399,1,0.0358626973233442
"79",79,42,152,1.74035140410997,0.0560532191768289,15,0.665730232559144,0.167865101015195,1.15163357648998,2,0.0350257977017238
"52",52,11,128,1.69827581369318,0.227193920593709,19,0.691430148296058,0.0169440645258874,0.699446194805205,2,0.033793106651109
"129",129,44,134,1.66131712174974,0.0782588061876595,18,0.722218231670558,0.0318260116036981,1.9093129443936,1,0.0323702354404521
"70",70,47,174,1.25333221424371,0.110208464507014,7,0.852000920847058,0.0494653639616445,1.7407733197324,1,0.0323657337326653
"199",199,21,92,1.71787998843938,0.0368704188615084,18,0.900967880617827,0.0485451790736988,0.366805001161993,2,0.0322341229452174
"222",222,18,102,1.75749605298042,0.258500697743148,14,0.830191024206579,0.124995480058715,0.0277326288633049,1,0.0320431326355736
"224",224,36,78,1.72990721161477,0.0512650389224291,3,0.758235979918391,0.180822694092058,0.964379625860602,2,0.0319957022782836
"62",62,5,176,1.33662155508064,0.0992488998919726,24,0.929604925774038,0.197217238484882,0.877757098060101,2,0.0287563865752941
"264",264,36,162,1.20339677073061,0.0472116308286786,3,0.844901822973043,0.192983626038767,1.09485489828512,2,0.0278534391251644
"10",10,5,144,1.44007288953289,0.19784870930016,13,0.940820673946291,0.109634405584075,1.02014787774533,1,0.0276733067323056
"71",71,22,134,1.65171882617287,0.0800725790672004,12,0.650125411711633,0.234834600472823,0.911925206892192,1,0.0266698639692349
"51",51,9,84,1.34767366563901,0.0784203726798296,23,0.761974838469177,0.295179799199104,0.762003866955638,2,0.0264789866279801
"171",171,47,100,1.44728224365972,0.127093428187072,22,0.739520317781717,0.140256268437952,0.891928486060351,1,0.0254832581399138
"297",297,6,106,1.68113134782761,0.00933033060282469,11,0.848572251014411,0.227867398411036,1.21244538202882,2,0.0249717068783153
"240",240,38,112,1.38965124911629,0.257284334395081,25,0.94272972047329,0.0356846979120746,1.72769036749378,2,0.0229511850298358
"101",101,24,152,1.36926718214527,0.1636220369488,5,0.651493061613291,0.0751899955794215,1.18342826329172,2,0.0221370803948952
"170",170,35,142,1.54651984772645,0.223311606608331,20,0.785256071016192,0.0116797926602885,1.29771339008585,2,0.021830374423293
"149",149,17,104,1.39519980009645,0.198372011911124,19,0.717350905854255,0.063868745113723,1.5503408331424,2,0.0205245175167457
"138",138,27,80,1.39762034327723,0.0265143384225667,9,0.610250404570252,0.240358378970996,0.44141273573041,1,0.0202260035327907
"331",331,54,138,1.6732522610575,0.127902978751808,22,0.866384754702449,0.0599837666377425,0.00122239300981164,2,0.0197369499171644
"111",111,57,132,1.59170682602562,0.0811485298909247,15,0.829821533616632,0.219012866145931,0.717860230244696,1,0.019287901877429
"239",239,28,116,1.22970190336928,0.0747831705957651,21,0.883794729225337,0.0630812104791403,1.76751357782632,1,0.0167947596306609
"352",352,40,132,1.61548909298144,0.0787463759072125,6,0.625009776931256,0.0382003579288721,0.512997965328395,1,0.0161409001212853
"186",186,19,112,1.32845844849944,0.248519326839596,17,0.909508423414081,0.00121001375373453,0.221040283329785,2,0.0156331524290918
"246",246,55,142,1.65055975900032,0.290168139152229,24,0.64887636853382,0.0237530262675136,1.05723312450573,1,0.0154954709314545
"46",46,13,174,1.58940589581616,0.228956826217473,20,0.938547182548791,0.0821902587777004,0.934564385563135,1,0.0143869881579121
"292",292,29,140,1.33226014031097,0.0348351404070854,21,0.912762658670545,0.411817946122028,0.722858222201467,2,0.0142052235615335
"207",207,23,130,1.69473359626718,0.25683389659971,7,0.74067376954481,0.0404960946179926,0.0221213269978762,2,0.0140955038108839
"228",228,51,134,1.54888184289448,0.0769830735400319,12,0.943475295510143,0.427086865762249,0.235360975377262,2,0.0133268147613729
"11",11,7,32,1.30982686243951,0.0861812051385641,25,0.824795551970601,0.411041993298568,0.371148502454162,1,0.0131950710197902
"319",319,13,64,1.59065221454948,0.259076937567443,9,0.618599477410316,0.0454128086566925,1.68267356650904,1,0.0130652746504957
"365",365,50,102,1.51276894952171,0.219692233577371,5,0.781463875807822,0.149919914314523,1.8976635504514,2,0.012234184594073
"118",118,40,112,1.23758223429322,0.0456135081127286,13,0.947575068753213,0.245028358884156,0.499745534267277,1,0.0116655576039001
"152",152,49,144,1.31923588807695,0.0313325635157526,10,0.933479706197977,0.489870967809111,0.314264267683029,1,0.0115618975876998
"270",270,15,102,1.52602364011109,0.180101475864649,20,0.831220357771963,0.145799148012884,1.20586903439835,1,0.0110239262636406
"158",158,12,172,1.28316438482143,0.0067480911500752,22,0.953381867334247,0.0144931237446144,1.33309166412801,2,0.0105850586916183
"358",358,3,102,1.3308766297996,0.373365499824286,18,0.788080490194261,0.216991050518118,0.621833773795515,2,0.0102041244722076
"231",231,45,176,1.3853154071141,0.147605705820024,15,0.740725180972368,0.0181490688119084,1.44468916021287,1,0.0101692892266898
"61",61,26,74,1.6026911737863,0.104385250341147,13,0.77799186212942,0.0784509831573814,1.91631009476259,1,0.00977072740711918
"310",310,33,134,1.43082728348672,0.00170508762821555,11,0.723142044525593,0.46466836030595,1.91235334658995,2,0.00974738401658113
"16",16,45,104,1.32393664992414,0.106224052980542,15,0.79942079493776,0.083435996202752,1.05539146764204,2,0.00953341253202908
"172",172,21,86,1.62938818400726,0.00295201204717159,22,0.993981495592743,0.118321076151915,0.675219812430441,2,0.00926403940191129
"396",396,25,66,1.57754500717856,0.0125845192931592,15,0.790751549601555,0.0865004891529679,0.311678443104029,2,0.00870789689947181
"69",69,9,142,1.487104865117,0.0551145254634321,7,0.641048067528754,0.183501721941866,1.66525753727183,1,0.00826611304429461
"43",43,10,180,1.76395250936039,0.0324688010849059,23,0.758089796826243,0.180118227959611,0.89714190736413,2,0.0080182767606057
"96",96,57,142,1.49239700278267,0.0634121836163104,8,0.614800592698157,0.115019110962749,0.390209138393402,2,0.00733039468082913
"191",191,53,128,1.60789474337362,0.10087288916111,24,0.877239499334246,0.113691823440604,0.963385887444019,1,0.00711127878804046
"337",337,24,130,1.35407523508184,0.033501934632659,3,0.854235170409083,0.0962373710935935,1.23486951412633,2,0.00704946621908586
"173",173,10,134,1.24103506612591,0.345529230497778,4,0.917553087323904,0.165649228496477,0.0680620223283768,2,0.00683563303287357
"241",241,8,86,1.28547430029139,0.10125247547403,19,0.88884347146377,0.316242179949768,0.257106041535735,2,0.00639179634299486
"136",136,14,176,1.4942742804531,0.0696060139685869,12,0.995991528499871,0.418777269776911,1.7465048362501,2,0.00622548044945135
"65",65,9,134,1.30133055173792,0.0752162210643292,18,0.850371254887432,0.355472372961231,0.171660783700645,2,0.00556315358395773
"135",135,33,86,1.36550935003906,0.209834463335574,20,0.9259207832627,0.0508335988270119,0.819200857076794,1,0.00463212096488029
"2",2,58,138,1.63574472349137,0.0362195352092385,20,0.630701739899814,0.355039827874862,0.307141948956996,1,0.00406031050004942
"185",185,21,52,1.30143043706194,0.148225377127528,15,0.753693671151996,0.0748423193581402,1.37743317848071,1,0.00381318433324516
"177",177,52,104,1.20712305740453,0.236003313306719,25,0.883101771399379,0.28296705277171,0.213387366849929,1,0.00362305936453583
"34",34,60,136,1.53162126755342,0.312739831022918,8,0.785929646715522,0.00175198703072965,1.68364993063733,2,0.00345840029768055
"391",391,54,124,1.21204101922922,0.0368633887730539,23,0.903524087369442,0.43454626807943,0.626083267852664,1,0.00335901347355344
"161",161,57,126,1.59839956015348,0.0397187042981386,25,0.716746122110635,0.307066148146987,0.0574455047026277,1,0.00295241116528971
"103",103,12,158,1.21929861442186,0.149338901787996,16,0.810098221618682,0.208884413703345,0.834289620164782,2,0.00293663511070298
"124",124,14,84,1.58388169244863,0.124684662744403,6,0.759402862936258,0.224489777465351,0.986354017630219,2,0.00230984267440628
"242",242,13,54,1.54635130553506,0.00241619469597936,17,0.895104308146983,0.498081744415686,1.82329683983698,2,0.00210390408357165
"205",205,55,158,1.27910112007521,0.229851990379393,13,0.773023504111916,0.0303125698119402,0.535756674129516,1,0.00207539361835035
"388",388,9,44,1.70263818050735,0.0543942868709564,9,0.70720244711265,0.194527118932456,1.52285563154146,2,0.00205868900830771
"25",25,10,126,1.27758377864957,0.0359792494215071,25,0.892393259052187,0.0712229559430853,0.352607767097652,2,0.00192804995532323
"182",182,16,38,1.57157570798881,0.108592447917908,11,0.839047810994089,0.056463097804226,0.438376766629517,1,0.00181977862798549
"389",389,49,114,1.51924061737955,0.131331346556544,22,0.88790320083499,0.0612470258492976,0.885359994135797,2,0.00161383016352886
"85",85,57,120,1.34352654428221,0.215045336075127,9,0.681228430103511,0.0629085719119757,1.11895641731098,2,0.00145332136248391
"342",342,41,86,1.57068397449329,0.142239705659449,24,0.781061214301735,0.019954574177973,1.03422800870612,2,0.00137702196567059
"272",272,53,106,1.76025033490732,0.277995732426643,13,0.730803110357374,0.321495583630167,1.21163180563599,2,0.00134792976568361
"328",328,3,108,1.2082257533446,0.0406241184100509,25,0.92158287120983,0.185770278563723,1.21529873972759,1,0.00129970580412554
"390",390,6,122,1.2320330130402,0.349086860194802,14,0.929851400759071,0.0292027977993712,0.46950215427205,2,0.00103597369904514
"105",105,7,176,1.39358651200309,0.24227537792176,18,0.688553751260042,0.156416132580489,1.84290506504476,1,0.000988915466791398
"334",334,2,42,1.33201956572011,0.246280539035797,10,0.625936829019338,0.429645917611197,0.0607604612596333,1,0.00070943667933181
"315",315,7,14,1.28099504099227,0.205439436435699,18,0.928495338652283,0.204536379198544,0.858792776241899,2,0.000561597122232458
"97",97,7,144,1.73894515139982,0.0615116478875279,23,0.652368434146047,0.3292685727356,1.59338493738323,1,0.000553313424584078
"194",194,16,42,1.60840459875762,0.270019415207207,7,0.881774966791272,0.00799889664631337,1.51787349162623,1,0.000417216977933378
"167",167,4,176,1.70781747219153,0.164867591112852,5,0.832407635450363,0.0767674469389021,0.323299983050674,1,0.000389947617829551
"289",289,41,82,1.48588859271258,0.309063899796456,24,0.993184654973447,0.0518393334932625,1.06061581009999,1,0.000337677798224029
"37",37,9,88,1.65270161451772,0.302368373051286,22,0.845353853423148,0.0738512127427384,1.25841405848041,2,0.000261240777469726
"28",28,26,52,1.64259781055152,0.18442779649049,19,0.660442885477096,0.0972717937547714,1.00111381104216,2,0.00021572896804649
"137",137,5,158,1.21060770596378,0.336230069305748,13,0.715381350088865,0.0877117624040693,1.06801352510229,2,0.000162768008867217
"332",332,41,90,1.64503824091516,0.0140005153603852,8,0.839386016409844,0.135452489368618,1.69501847354695,2,0.000151101605850488
"64",64,5,170,1.45734286825173,0.0949492008425295,20,0.875270621292293,0.0146090510534123,1.15048665506765,1,0.000142653948412785
"19",19,6,172,1.73489129729569,0.0193926981650293,5,0.680977418739349,0.00237394939176738,0.405790209770203,1,0.000136526819189254
"7",7,4,100,1.43988617230207,0.077483250387013,16,0.614032635837793,0.464412871515378,0.845256479457021,1,0.000115295745249239
"347",347,57,126,1.46179805668071,0.0191500476561487,11,0.923331851698458,0.441165115800686,1.76626730989665,1,0.000110709932515986
"121",121,36,82,1.2337417522911,0.287235127389431,22,0.730125981383026,0.00179616990499198,0.439246165566146,2,6.87589307506606e-05
"257",257,33,66,1.60521649564616,0.362669508904219,16,0.855774647463113,0.463407258386724,1.25025804899633,2,5.20202685889529e-05
"221",221,29,58,1.45720081664622,0.375194541085511,13,0.81181076457724,0.255368204205297,1.9864857159555,2,4.59977571564107e-05
"115",115,5,20,1.29090705192648,0.102785034012049,5,0.755232769437134,0.168175645056181,1.29157063085586,1,3.89856325973274e-05
"122",122,9,60,1.25068937502801,0.358905025944114,13,0.969732411112636,0.00106809160206467,1.33320525474846,1,2.69593748573977e-05
"203",203,4,116,1.37814994538203,0.134011279419065,3,0.917523259948939,0.00286160514224321,0.603873970918357,2,2.10982462036149e-05
"376",376,3,40,1.23950042864308,0.0451347931288183,9,0.701799307577312,0.330084460088983,0.893871064297855,1,1.33933876562866e-05
"187",187,47,98,1.4456402305048,0.0254831794649363,5,0.931083799898624,0.463994306861423,0.86034697946161,2,3.9723139999747e-06
"76",76,2,164,1.72837684722617,0.104558278527111,16,0.718064553011209,0.0295827509835362,1.8922012350522,2,5.80375209795274e-09
"227",227,2,38,1.7590626725927,0.037699855864048,16,0.70641528069973,0.450634399079718,1.94294840749353,2,5.07166460791289e-09
"89",89,1,148,1.6553437365219,0.225685676280409,14,0.736661525629461,0.303090431378223,1.47149061318487,1,2.31487714371115e-10
"248",248,1,50,1.78123912056908,0.063089650310576,23,0.872915028687566,0.0575726145179942,0.298832526430488,1,1.75918047029671e-10
"147",147,1,4,1.31489523556083,0.3131049153395,19,0.839995562657714,0.0686720093945041,1.63967577274889,2,2.68895942331666e-11
"126",126,2,14,1.50880011320114,0.0626093436963856,15,0.678248733654618,0.15266195894219,1.76713459845632,2,2.48444710197161e-12
"6",6,1,106,1.66293607377447,0.033549576997757,17,0.853159052412957,0.357480580569245,0.704333318863064,1,1.47839232366679e-12
"218",218,1,180,1.66101808659732,0.0724397684447467,22,0.626966064702719,0.357704882044345,0.845791680272669,1,7.543292688951e-13
"131",131,1,98,1.4375447917264,0.17377403061837,23,0.880064545478672,0.0791018618037924,1.67352336551994,2,6.55270567407248e-13
"30",30,1,122,1.53689649347216,0.0185259866528213,21,0.796089968923479,0.121543966350146,1.50744574284181,1,7.93435179930195e-14
"266",266,2,98,1.50467616263777,0.146638179942966,17,0.741573070921004,0.321552508510649,1.75996618159115,1,2.88076703669788e-14
"160",160,2,152,1.24974449314177,0.338484337925911,4,0.914043700415641,0.312871025409549,1.79388388106599,2,1.97626008178315e-15
"35",35,2,122,1.60226598009467,0.149145619757473,24,0.711196257825941,0.133615199592896,0.379253241699189,2,2.83704250570775e-18
"379",379,1,20,1.21489915964194,0.339029346220195,20,0.855776230990887,0.368049530312419,1.66525906184688,2,6.41339630657286e-20
"130",130,1,88,1.54926681476645,0.303685777913779,11,0.887475446239114,0.209227647166699,0.12510321335867,1,3.06488734510984e-21
"128",128,2,116,1.70209522987716,0.263355923723429,15,0.91820682650432,0.132996799773537,0.344048110302538,1,1.11295101132823e-26
"80",80,1,16,1.43659648862667,0.180598563142121,24,0.902608316391706,0.442196350893937,0.353916349355131,2,6.87937758026269e-67
